zip code,Total,White,Black/African American,Asian,whiteRatio,balckRatio,asianRatio
53001,1954,1900,0,0,0.972364381,0,0
53002,2384,2340,0,0,0.981543624,0,0
53003,158,158,0,0,1,0,0
53004,3256,3050,5,78,0.936732187,0.001535627,0.023955774
53005,19898,17941,257,1299,0.901648407,0.012915871,0.065282943
53006,1723,1708,8,3,0.991294254,0.004643064,0.001741149
53007,1847,1679,94,24,0.909041689,0.050893341,0.012994044
53010,7511,7318,18,23,0.974304354,0.002396485,0.003062175
53011,2341,2318,1,0,0.990175139,0.000427168,0
53012,18639,17716,134,245,0.950480176,0.007189227,0.013144482
53013,3342,3228,17,37,0.965888689,0.005086774,0.011071215
53014,8000,7848,23,4,0.981,0.002875,0.0005
53015,2598,2555,17,12,0.983448807,0.006543495,0.004618938
53016,377,314,43,5,0.832891247,0.114058355,0.013262599
53017,5621,5423,40,26,0.964774951,0.007116171,0.004625511
53018,7983,7491,136,47,0.938369034,0.017036202,0.005887511
53019,1874,1799,3,22,0.959978655,0.001600854,0.011739594
53020,3720,3710,0,1,0.997311828,0,0.000268817
53021,5018,4728,32,8,0.942208051,0.006377043,0.001594261
53022,19216,17508,375,735,0.911115737,0.019514988,0.038249376
53023,2488,2004,323,6,0.805466238,0.129823151,0.002411576
53024,16812,15750,221,480,0.936830835,0.013145372,0.028551035
53027,22578,21760,121,152,0.963770042,0.005359199,0.006732217
53029,20927,20180,93,261,0.964304487,0.00444402,0.012471926
53031,0,0,0,0,#DIV/0!,#DIV/0!,#DIV/0!
53032,4843,4701,103,13,0.970679331,0.021267809,0.002684287
53033,5101,4980,12,30,0.976279161,0.00235248,0.0058812
53034,1697,1662,0,0,0.979375368,0,0
53035,2415,2376,21,0,0.983850932,0.008695652,0
53036,3078,2953,20,0,0.959389214,0.006497726,0
53037,9529,9296,97,80,0.975548326,0.010179452,0.008395424
53038,4282,4113,19,67,0.960532461,0.004437179,0.015646894
53039,4595,4420,7,13,0.961915125,0.001523395,0.002829162
53040,8005,7660,260,6,0.956901936,0.0324797,0.000749532
53042,6806,6733,25,10,0.98927417,0.00367323,0.001469292
53044,2381,2298,3,32,0.965140697,0.001259975,0.013439731
53045,21292,18326,116,2426,0.860698854,0.005448056,0.113939508
53046,1132,1105,23,0,0.97614841,0.020318021,0
53047,41,41,0,0,1,0,0
53048,3177,3076,0,0,0.968209002,0,0
53049,2952,2940,0,0,0.995934959,0,0
53050,6808,6617,41,66,0.971944771,0.006022327,0.009694477
53051,36431,32548,1134,2024,0.893414949,0.031127337,0.055557081
53057,1621,1613,1,0,0.995064775,0.000616903,0
53058,3519,3395,0,51,0.964762717,0,0.014492754
53059,1863,1800,12,0,0.966183575,0.006441224,0
53061,5212,5122,34,0,0.982732157,0.006523408,0
53063,1664,1578,14,9,0.948317308,0.008413462,0.005408654
53065,2299,2160,23,24,0.93953893,0.01000435,0.010439321
53066,34677,33228,368,298,0.958214378,0.010612221,0.008593592
53069,731,685,46,0,0.937072503,0.062927497,0
53070,5040,4936,38,16,0.979365079,0.007539683,0.003174603
53072,25102,23588,252,979,0.939686081,0.010039041,0.039000876
53073,14567,14046,149,107,0.964234228,0.010228599,0.00734537
53074,13014,12674,90,48,0.973874289,0.006915629,0.003688336
53075,3111,3021,0,24,0.971070395,0,0.007714561
53076,3543,3456,0,0,0.975444539,0,0
53078,1701,1685,0,7,0.990593768,0,0.004115226
53079,1420,1400,0,5,0.985915493,0,0.003521127
53080,5831,5546,72,32,0.951123306,0.012347796,0.005487909
53081,42496,34786,1150,4260,0.81857116,0.02706137,0.100244729
53083,20344,17803,138,1542,0.875098309,0.006783327,0.075796304
53085,11301,10819,48,165,0.957348907,0.004247412,0.014600478
53086,8391,8243,22,26,0.982362055,0.002621857,0.003098558
53088,434,416,0,0,0.958525346,0,0
53089,19341,18412,135,423,0.951967323,0.006979991,0.021870638
53090,21972,21115,170,79,0.960995813,0.00773712,0.003595485
53091,1829,1745,68,3,0.954073264,0.037178786,0.001640241
53092,21212,19851,320,565,0.935838205,0.0150858,0.026635866
53093,2022,1958,13,16,0.96834817,0.006429278,0.007912957
53094,19139,18121,146,110,0.946810178,0.007628403,0.005747427
53095,27201,25762,428,437,0.947097533,0.015734716,0.016065586
53097,5757,5100,326,298,0.885878061,0.056626715,0.051763071
53098,11690,10658,275,64,0.911719418,0.02352438,0.005474765
53103,3772,3656,4,13,0.969247084,0.001060445,0.003446448
53104,5186,5049,55,45,0.973582723,0.010605476,0.008677208
53105,29215,28053,341,97,0.960225911,0.011672086,0.003320212
53108,3257,3109,10,0,0.954559411,0.00307031,0
53110,18683,16997,555,118,0.909757534,0.02970615,0.006315902
53114,2948,2817,26,10,0.955563094,0.008819539,0.00339213
53115,16180,14950,146,188,0.923980222,0.009023486,0.011619283
53118,7367,7094,22,39,0.962942853,0.00298629,0.005293878
53119,5643,5425,0,0,0.961368067,0,0
53120,9530,9079,101,55,0.952675761,0.010598111,0.005771249
53121,18597,17731,189,182,0.953433349,0.01016293,0.009786525
53122,6127,5809,0,169,0.94809858,0,0.02758283
53125,1837,1776,16,4,0.966793685,0.008709853,0.002177463
53126,7314,7034,155,10,0.961717255,0.021192234,0.001367241
53128,8973,8495,44,75,0.946729076,0.0049036,0.008358409
53129,14248,12736,243,509,0.893879843,0.017055025,0.035724312
53130,7754,7285,87,211,0.939515089,0.011220015,0.027211762
53132,35795,30128,1944,2424,0.841681799,0.054309261,0.067718955
53137,1637,1601,0,3,0.978008552,0,0.001832621
53139,2699,2595,6,19,0.96146721,0.002223046,0.007039644
53140,29355,23796,3577,144,0.810628513,0.121853177,0.004905468
53142,31700,26864,1935,958,0.847444795,0.061041009,0.03022082
53143,24311,19003,3198,92,0.781662622,0.131545391,0.003784295
53144,27268,22179,3223,227,0.813370984,0.118197154,0.008324776
53146,7930,7643,0,220,0.963808323,0,0.027742749
53147,16797,15719,29,204,0.935821873,0.001726499,0.012145026
53149,19627,18709,295,153,0.953227697,0.015030315,0.007795384
53150,25294,24529,48,227,0.969755673,0.001897683,0.00897446
53151,31719,29257,299,1552,0.922380907,0.009426527,0.048929664
53153,2411,2323,0,0,0.963500622,0,0
53154,35588,30473,1297,2359,0.856271777,0.036444869,0.066286389
53156,2979,2815,0,1,0.944947969,0,0.000335683
53158,16936,15266,304,574,0.901393481,0.017949929,0.0338923
53167,781,781,0,0,1,0,0
53168,8521,8165,101,108,0.958220866,0.011853069,0.012674569
53170,2529,2423,0,50,0.9580862,0,0.01977066
53172,21185,19374,614,160,0.914514987,0.028982771,0.007552514
53177,8378,6961,908,126,0.830866555,0.108379088,0.015039389
53178,2810,2735,3,3,0.973309609,0.001067616,0.001067616
53179,6930,6695,28,0,0.966089466,0.004040404,0
53181,7450,7317,28,40,0.982147651,0.003758389,0.005369128
53182,9606,8923,220,29,0.928898605,0.022902353,0.003018946
53183,2797,2688,24,41,0.961029675,0.008580622,0.014658563
53184,4317,4005,18,4,0.927727589,0.004169562,0.000926569
53185,18935,18136,43,165,0.95780301,0.002270927,0.008714022
53186,33793,29685,1131,1249,0.878436363,0.03346847,0.036960317
53188,35524,31963,1209,786,0.89975791,0.03403333,0.022125887
53189,26093,24026,371,591,0.920783352,0.014218373,0.022649753
53190,19401,17473,574,344,0.900623679,0.029586104,0.017731045
53191,2798,2661,22,35,0.951036455,0.007862759,0.012508935
53192,50,50,0,0,1,0,0
53195,108,84,0,0,0.777777778,0,0
53202,24641,20336,1834,1353,0.825291181,0.074428798,0.054908486
53203,1403,1142,149,74,0.813970064,0.106200998,0.05274412
53204,38892,14331,4358,520,0.36848195,0.112053893,0.013370359
53205,9646,480,8150,586,0.049761559,0.844909807,0.06075057
53206,23827,459,22698,150,0.01926386,0.952616779,0.006295379
53207,37208,32498,756,678,0.87341432,0.020318211,0.018221888
53208,30354,10541,14512,2411,0.347268894,0.47809185,0.0794294
53209,45583,11084,31497,724,0.243160828,0.690981287,0.015883114
53210,26837,5662,19389,503,0.210977382,0.722472706,0.01874278
53211,35747,30436,1927,1555,0.851428092,0.053906622,0.043500154
53212,31408,12805,15887,341,0.407698675,0.505826541,0.010857106
53213,27197,23684,1439,1084,0.870831342,0.052910247,0.039857337
53214,35248,28816,2534,738,0.817521562,0.071890604,0.020937358
53215,62134,40690,3929,1866,0.654874948,0.0632343,0.030031867
53216,33707,3734,27502,496,0.110778177,0.815913608,0.014715044
53217,29418,25579,1140,1691,0.869501666,0.038751785,0.057481814
53218,42430,5570,29772,4845,0.131275041,0.701673344,0.114188074
53219,34432,29116,1778,452,0.845608736,0.051638011,0.013127323
53220,26118,22128,1204,1021,0.847231794,0.046098476,0.039091814
53221,40945,33202,2340,2299,0.810892661,0.057149835,0.056148492
53222,26328,16933,7026,1023,0.643155576,0.266864175,0.038855971
53223,29435,10485,14790,2658,0.356208595,0.502463054,0.090300662
53224,21607,6835,11767,1031,0.31633267,0.54459203,0.047716018
53225,26070,8835,14262,1481,0.338895282,0.547065593,0.056808592
53226,19137,16708,609,913,0.873073104,0.03182317,0.047708627
53227,23763,20458,1349,908,0.860918234,0.056768926,0.038210664
53228,15162,13409,250,708,0.884382008,0.01648859,0.046695687
53233,15376,8454,4846,880,0.549817898,0.315166493,0.05723205
53235,9172,8126,234,354,0.885957261,0.025512429,0.038595726
53295,194,139,44,0,0.716494845,0.226804124,0
53402,32737,27197,3028,363,0.83077252,0.092494731,0.011088371
53403,26209,16134,6537,146,0.615590064,0.249418139,0.005570606
53404,15614,7847,4374,186,0.502561804,0.280133214,0.011912386
53405,24727,18421,3607,410,0.744975128,0.145872932,0.016581065
53406,26582,21774,2488,848,0.819125724,0.093597171,0.031901287
53501,264,264,0,0,1,0,0
53502,2408,2246,36,17,0.932724252,0.014950166,0.007059801
53503,1984,1913,18,3,0.96421371,0.009072581,0.001512097
53504,2017,1990,0,11,0.986613783,0,0.005453644
53505,441,432,0,0,0.979591837,0,0
53506,1020,988,10,0,0.968627451,0.009803922,0
53507,2255,2123,39,4,0.941463415,0.0172949,0.001773836
53508,5407,5229,22,35,0.967079711,0.0040688,0.00647309
53510,1459,1349,4,18,0.924605894,0.002741604,0.012337217
53511,48721,37904,5418,702,0.777980748,0.111204614,0.014408571
53515,2180,2121,11,5,0.97293578,0.005045872,0.002293578
53516,2343,2306,0,8,0.98420828,0,0.003414426
53517,1791,1694,20,17,0.945840313,0.011166946,0.009491904
53518,1376,1309,31,0,0.95130814,0.02252907,0
53520,6474,6240,0,74,0.963855422,0,0.011430337
53521,3763,3630,32,17,0.96465586,0.008503853,0.004517672
53522,1103,1092,0,0,0.990027199,0,0
53523,4817,4700,28,4,0.975711023,0.005812747,0.000830392
53525,4054,3624,33,19,0.893931919,0.008140109,0.004686729
53526,573,573,0,0,1,0,0
53527,10945,10022,43,528,0.915669255,0.003928735,0.048241206
53528,5977,5809,0,32,0.971892254,0,0.005353856
53529,2063,1934,10,60,0.937469704,0.00484731,0.029083858
53530,4527,4385,35,0,0.968632649,0.007731389,0
53531,4532,4298,109,11,0.948367167,0.024051192,0.002427184
53532,14747,13858,93,365,0.939716553,0.006306367,0.024750797
53533,7211,7045,11,111,0.976979614,0.001525447,0.015393149
53534,11942,11325,189,139,0.948333612,0.015826495,0.011639591
53536,8872,8603,42,15,0.969679892,0.004733995,0.001690712
53537,749,740,7,0,0.987983979,0.009345794,0
53538,18836,17485,191,113,0.928275642,0.010140157,0.005999151
53540,276,194,0,0,0.702898551,0,0
53541,900,867,4,18,0.963333333,0.004444444,0.02
53543,1739,1690,12,6,0.971822887,0.006900518,0.003450259
53544,698,694,0,0,0.994269341,0,0
53545,22845,21476,521,170,0.940074415,0.022805866,0.007441453
53546,31128,28719,449,460,0.922609869,0.014424313,0.014777692
53548,18553,17064,291,317,0.919743438,0.015684795,0.017086186
53549,10303,9797,141,81,0.950888091,0.013685334,0.007861788
53550,1166,1157,0,0,0.992281304,0,0
53551,8453,7903,51,54,0.934934343,0.006033361,0.006388265
53553,534,534,0,0,1,0,0
53554,1240,1170,8,0,0.943548387,0.006451613,0
53555,8356,8016,56,93,0.959310675,0.006701771,0.011129727
53556,2550,2403,20,15,0.942352941,0.007843137,0.005882353
53557,342,333,0,0,0.973684211,0,0
53558,11638,11112,210,131,0.954803231,0.018044338,0.01125623
53559,6129,5820,75,27,0.949583945,0.012236907,0.004405286
53560,3639,3468,30,18,0.953009068,0.008244023,0.004946414
53561,1795,1749,8,2,0.974373259,0.004456825,0.001114206
53562,25508,21140,1397,1732,0.828759605,0.054767132,0.067900267
53563,10958,10529,159,67,0.96085052,0.014509947,0.006114254
53565,4798,4593,51,23,0.957273864,0.010629429,0.004793664
53566,15122,14520,56,101,0.960190451,0.003703214,0.006679011
53569,1386,1346,19,4,0.971139971,0.013708514,0.002886003
53570,2610,2572,2,3,0.985440613,0.000766284,0.001149425
53571,302,261,13,0,0.864238411,0.043046358,0
53572,10688,10251,137,57,0.959113024,0.012818114,0.005333084
53573,3070,3004,7,4,0.978501629,0.00228013,0.001302932
53574,3868,3816,17,24,0.98655636,0.004395036,0.006204757
53575,16211,14717,906,51,0.907840355,0.055887977,0.003146012
53576,2277,2199,11,15,0.965744401,0.004830918,0.006587615
53577,1437,1408,10,8,0.979819068,0.006958942,0.005567154
53578,6418,6233,12,0,0.971174821,0.001869741,0
53579,1790,1736,19,2,0.969832402,0.010614525,0.001117318
53580,550,546,0,0,0.992727273,0,0
53581,10193,9883,100,69,0.969586971,0.009810654,0.006769352
53582,1092,1020,0,0,0.934065934,0,0
53583,5888,5551,13,6,0.942764946,0.00220788,0.001019022
53585,2284,2058,4,0,0.901050788,0.001751313,0
53586,2226,2180,3,0,0.97933513,0.001347709,0
53587,1194,1143,1,0,0.957286432,0.000837521,0
53588,3978,3812,8,18,0.958270488,0.002011061,0.004524887
53589,20178,18936,466,206,0.938447814,0.023094459,0.010209139
53590,39227,33174,2506,1804,0.845693018,0.063884569,0.045988732
53593,22659,20367,707,961,0.89884814,0.03120173,0.042411404
53594,5069,4753,16,18,0.937660288,0.003156441,0.003550996
53597,18723,17733,93,312,0.947123858,0.004967153,0.016663996
53598,2486,2201,18,196,0.885358005,0.007240547,0.078841512
53599,52,52,0,0,1,0,0
53702,26,26,0,0,1,0,0
53703,31370,27637,831,1605,0.881000956,0.026490277,0.051163532
53704,45528,34784,5010,3155,0.764013354,0.110042172,0.069298014
53705,25066,18818,633,4082,0.750738052,0.025253331,0.162850076
53706,6265,4779,232,991,0.762809258,0.037031125,0.158180367
53711,47712,39094,2743,2288,0.819374581,0.057490778,0.047954393
53713,23097,12608,3810,1744,0.545871758,0.164956488,0.075507642
53714,16835,13928,1433,543,0.827324027,0.085120285,0.032254232
53715,14246,11075,505,1697,0.777411203,0.035448547,0.119121157
53716,18481,16564,774,350,0.896271847,0.041880851,0.018938369
53717,12512,9491,467,1878,0.75855179,0.037324169,0.150095908
53718,12700,10581,656,754,0.833149606,0.051653543,0.059370079
53719,31705,24333,2544,3224,0.76748147,0.08023971,0.101687431
53726,5869,4817,194,716,0.82075311,0.033055035,0.121996933
53792,0,0,0,0,#DIV/0!,#DIV/0!,#DIV/0!
53801,903,876,3,16,0.970099668,0.003322259,0.017718715
53802,27,27,0,0,1,0,0
53803,1198,1170,21,0,0.976627713,0.017529215,0
53804,1362,1323,6,5,0.971365639,0.004405286,0.003671072
53805,5156,4746,298,17,0.920480993,0.057796742,0.00329713
53806,1745,1700,0,0,0.974212034,0,0
53807,4781,4703,22,4,0.983685421,0.004601548,0.000836645
53808,1201,1167,23,0,0.971690258,0.019150708,0
53809,4285,4223,0,49,0.985530922,0,0.011435239
53810,380,375,0,5,0.986842105,0,0.013157895
53811,3263,3182,14,6,0.975176218,0.00429053,0.001838799
53813,5809,5645,47,92,0.971767946,0.008090893,0.015837494
53816,829,798,1,14,0.962605549,0.001206273,0.016887817
53817,142,142,0,0,1,0,0
53818,16126,15425,237,177,0.956529828,0.014696763,0.010976063
53820,2386,2365,0,20,0.991198659,0,0.00838223
53821,8287,7860,249,40,0.948473513,0.030047062,0.004826837
53825,577,565,0,7,0.979202773,0,0.012131716
53826,1195,1115,10,0,0.933054393,0.008368201,0
53827,269,266,3,0,0.988847584,0.011152416,0
53901,14627,13450,498,52,0.919532372,0.034046626,0.003555069
53910,3095,2847,61,73,0.919870759,0.019709208,0.02358643
53911,1328,1299,7,12,0.978162651,0.005271084,0.009036145
53913,20319,18768,209,243,0.923667503,0.010285939,0.01195925
53916,22647,21484,180,99,0.94864662,0.007948073,0.00437144
53919,2663,2635,0,4,0.989485543,0,0.001502065
53920,384,380,0,0,0.989583333,0,0
53922,908,879,9,1,0.968061674,0.009911894,0.001101322
53923,2241,2077,34,14,0.926818385,0.015171798,0.006247211
53924,1465,1425,5,5,0.972696246,0.003412969,0.003412969
53925,7916,7600,49,106,0.960080849,0.006189995,0.013390601
53926,1642,1618,5,0,0.985383678,0.003045067,0
53928,122,122,0,0,1,0,0
53929,2581,2486,15,5,0.963192561,0.005811701,0.001937234
53930,1349,1286,5,3,0.95329874,0.003706449,0.00222387
53931,235,232,0,0,0.987234043,0,0
53932,2470,2266,75,7,0.917408907,0.030364372,0.002834008
53933,4482,3499,642,41,0.780678269,0.143239625,0.009147702
53934,4472,4276,41,5,0.956171735,0.009168157,0.001118068
53935,309,309,0,0,1,0,0
53936,2529,1809,391,26,0.715302491,0.154606564,0.010280743
53937,1086,1078,3,0,0.992633517,0.002762431,0
53939,261,254,0,0,0.973180077,0,0
53941,3039,3007,24,0,0.98947022,0.007897335,0
53943,1072,1070,0,0,0.998134328,0,0
53944,2005,1944,11,0,0.96957606,0.005486284,0
53946,4545,4367,7,46,0.960836084,0.001540154,0.010121012
53947,144,139,5,0,0.965277778,0.034722222,0
53948,8101,7842,130,8,0.968028638,0.016047402,0.000987532
53949,5823,5569,52,13,0.956379873,0.008930105,0.002232526
53950,5570,4924,362,60,0.884021544,0.064991023,0.010771993
53951,2338,2186,15,13,0.934987169,0.00641574,0.005560308
53952,3257,3157,37,5,0.969296899,0.011360147,0.001535155
53953,239,239,0,0,1,0,0
53954,6841,6675,9,64,0.975734542,0.001315597,0.009355357
53955,5606,5525,1,19,0.985551195,0.00017838,0.003389226
53956,3314,3196,4,8,0.964393482,0.001207001,0.002414001
53959,13903,13112,12,137,0.943105805,0.000863123,0.009853988
53960,3515,3432,21,0,0.976386913,0.005974395,0
53961,831,820,1,0,0.986762936,0.001203369,0
53963,13918,12499,705,191,0.898045696,0.05065383,0.013723236
53964,3673,3450,25,30,0.939286687,0.006806425,0.00816771
53965,10219,9406,204,14,0.920442313,0.019962814,0.001369997
53968,2292,2238,12,12,0.976439791,0.005235602,0.005235602
53969,363,332,8,0,0.914600551,0.022038567,0
54001,7684,7471,9,36,0.972280062,0.001171265,0.00468506
54002,6441,6247,7,35,0.969880453,0.001086788,0.005433939
54003,896,886,2,0,0.988839286,0.002232143,0
54004,2401,2367,3,2,0.985839234,0.001249479,0.000832986
54005,3076,3025,0,10,0.983420026,0,0.003250975
54006,676,673,0,0,0.99556213,0,0
54007,1208,1163,0,6,0.962748344,0,0.004966887
54009,2535,2415,29,14,0.952662722,0.011439842,0.005522682
54010,34,34,0,0,1,0,0
54011,6663,6533,33,20,0.980489269,0.004952724,0.003001651
54013,3394,3303,0,13,0.973187979,0,0.003830289
54014,2087,2061,0,6,0.987541926,0,0.00287494
54015,3537,3508,8,3,0.991800961,0.002261804,0.000848176
54016,31491,29880,453,517,0.948842526,0.014385062,0.016417389
54017,17229,16683,111,93,0.968309246,0.006442626,0.005397876
54020,6848,6683,17,33,0.975905374,0.002482477,0.004818925
54021,6644,6365,49,165,0.958007225,0.007375075,0.024834437
54022,22898,21912,166,297,0.956939471,0.007249541,0.012970565
54023,4091,3907,41,59,0.955023222,0.010022,0.014421902
54024,4796,4639,18,20,0.967264387,0.003753128,0.004170142
54025,7450,7057,71,150,0.947248322,0.009530201,0.020134228
54026,1925,1884,0,17,0.978701299,0,0.008831169
54027,1001,962,5,0,0.961038961,0.004995005,0
54028,2281,2225,3,4,0.975449364,0.001315213,0.001753617
54082,1458,1442,16,0,0.989026063,0.010973937,0
54101,2666,2628,1,7,0.985746437,0.000375094,0.002625656
54102,796,767,3,1,0.963567839,0.003768844,0.001256281
54103,476,456,0,4,0.957983193,0,0.008403361
54104,1153,1126,0,0,0.976582827,0,0
54106,5479,5357,0,3,0.977733163,0,0.000547545
54107,3641,3566,2,9,0.979401263,0.0005493,0.002471848
54110,5542,5330,28,49,0.961746662,0.005052328,0.008841573
54111,2322,2299,0,0,0.990094746,0,0
54112,2334,2307,0,0,0.988431877,0,0
54113,3533,3465,6,31,0.980752901,0.001698273,0.008774413
54114,5211,5120,0,23,0.982536941,0,0.00441374
54115,45217,40461,411,1347,0.894818321,0.009089502,0.029789681
54119,826,759,0,15,0.918886199,0,0.018159806
54120,231,231,0,0,1,0,0
54121,3122,3110,0,0,0.99615631,0,0
54123,237,232,0,0,0.978902954,0,0
54124,3456,3065,14,3,0.886863426,0.004050926,0.000868056
54125,508,490,3,5,0.964566929,0.005905512,0.00984252
54126,3881,3441,22,0,0.886627158,0.005668642,0
54127,59,59,0,0,1,0,0
54128,1628,1123,3,8,0.68980344,0.001842752,0.004914005
54129,3167,3093,6,17,0.976634039,0.001894537,0.005367856
54130,25589,24670,6,43,0.964086131,0.000234476,0.00168041
54135,3229,380,15,20,0.117683493,0.004645401,0.006193868
54136,6323,6058,42,37,0.958089514,0.006642417,0.005851653
54137,1054,1019,0,4,0.966793169,0,0.003795066
54138,846,808,0,6,0.955082742,0,0.007092199
54139,3167,3102,0,14,0.979475845,0,0.004420587
54140,9534,8921,28,113,0.935703797,0.002936858,0.011852318
54141,2328,2144,58,31,0.920962199,0.024914089,0.013316151
54143,14776,14333,225,81,0.97001895,0.015227396,0.005481862
54149,1275,1234,0,8,0.967843137,0,0.00627451
54150,1247,19,7,0,0.015236568,0.005613472,0
54151,3351,3312,0,2,0.988361683,0,0.000596837
54153,6983,6730,53,6,0.963769154,0.007589861,0.00085923
54154,5595,5328,17,67,0.95227882,0.003038427,0.011974978
54155,6615,4363,36,324,0.659561602,0.005442177,0.048979592
54156,1574,1548,0,0,0.983481576,0,0
54157,5697,5392,25,97,0.946463051,0.004388275,0.017026505
54159,1318,1307,0,0,0.991654021,0,0
54160,299,284,0,2,0.949832776,0,0.006688963
54161,2872,2665,6,9,0.927924791,0.002089136,0.003133705
54162,8950,8815,54,12,0.984916201,0.00603352,0.001340782
54165,7846,7055,26,6,0.899184298,0.00331379,0.000764721
54166,16746,14661,79,88,0.875492655,0.004717544,0.005254986
54169,2791,2772,0,0,0.993192404,0,0
54170,3353,3148,0,0,0.938860722,0,0
54171,3748,3724,7,0,0.993596585,0.001867663,0
54173,4238,4222,16,0,0.996224634,0.003775366,0
54174,2986,2801,0,21,0.938044206,0,0.00703282
54175,935,923,0,0,0.987165775,0,0
54177,2919,2860,3,4,0.979787598,0.001027749,0.001370332
54180,3406,3157,45,44,0.926893717,0.013211979,0.012918379
54201,5200,5043,53,20,0.969807692,0.010192308,0.003846154
54202,1281,1236,4,0,0.964871194,0.00312256,0
54204,1653,1616,3,1,0.977616455,0.001814882,0.000604961
54205,2020,1963,2,2,0.971782178,0.000990099,0.000990099
54207,169,167,0,0,0.98816568,0,0
54208,6224,6027,19,17,0.968348329,0.003052699,0.002731362
54209,1310,1260,4,1,0.961832061,0.003053435,0.000763359
54210,892,824,0,14,0.923766816,0,0.015695067
54211,280,279,0,0,0.996428571,0,0
54212,1127,1094,3,0,0.970718722,0.002661934,0
54213,1308,1284,0,0,0.981651376,0,0
54214,240,240,0,0,1,0,0
54216,6311,6109,7,43,0.967992394,0.001109174,0.0068135
54217,7279,7030,31,16,0.965792004,0.004258827,0.002198104
54220,39215,35867,405,1956,0.914624506,0.010327681,0.049878873
54227,1559,1531,0,7,0.982039769,0,0.004490058
54228,2712,2687,4,4,0.990781711,0.001474926,0.001474926
54229,4627,4498,37,44,0.972120164,0.007996542,0.009509401
54230,4516,4440,0,10,0.983170948,0,0.002214349
54232,846,822,0,0,0.971631206,0,0
54234,1563,1552,0,11,0.992962252,0,0.007037748
54235,16606,15967,173,109,0.961519933,0.010417921,0.006563893
54241,14413,13856,100,93,0.961354333,0.006938181,0.006452508
54245,2178,2142,3,4,0.983471074,0.00137741,0.001836547
54246,838,822,4,7,0.980906921,0.00477327,0.008353222
54247,2154,2104,0,3,0.976787372,0,0.001392758
54301,22169,19028,587,312,0.858315666,0.026478416,0.014073707
54302,31564,21954,1061,1516,0.695539222,0.033614244,0.048029401
54303,27990,21095,1501,1383,0.753662022,0.053626295,0.049410504
54304,27256,22808,797,988,0.836806575,0.029241268,0.036248899
54307,1081,412,550,20,0.381128585,0.508788159,0.018501388
54311,35007,30597,633,1339,0.874025195,0.018082098,0.038249493
54313,37709,34880,152,637,0.924978122,0.004030868,0.016892519
54401,30703,26314,356,2872,0.8570498,0.011594958,0.093541348
54403,25061,21725,247,2346,0.866884801,0.009855951,0.093611588
54405,2931,2703,4,3,0.92221085,0.001364722,0.001023541
54406,3367,3283,17,13,0.975051975,0.005049005,0.003861004
54407,1564,1544,12,2,0.987212276,0.007672634,0.001278772
54408,1028,989,1,1,0.962062257,0.000972763,0.000972763
54409,12791,12175,168,26,0.951841138,0.013134235,0.002032679
54410,2467,2423,5,3,0.982164572,0.002026753,0.001216052
54411,5475,5414,0,0,0.988858447,0,0
54412,2017,1933,5,0,0.958353991,0.002478929,0
54413,133,128,0,2,0.962406015,0,0.015037594
54414,3285,3213,1,0,0.978082192,0.000304414,0
54416,1820,1018,5,0,0.559340659,0.002747253,0
54417,35,35,0,0,1,0,0
54418,953,939,2,4,0.985309549,0.002098636,0.004197272
54420,1291,1236,10,5,0.957397366,0.007745933,0.003872967
54421,3460,3187,63,13,0.921098266,0.018208092,0.003757225
54422,1310,1245,0,5,0.950381679,0,0.003816794
54423,2293,2246,0,38,0.979502835,0,0.016572176
54424,1685,1597,0,15,0.947774481,0,0.008902077
54425,2118,2109,0,0,0.995750708,0,0
54426,4547,4487,0,11,0.986804486,0,0.002419177
54427,1129,1099,4,2,0.973427812,0.003542958,0.001771479
54428,926,900,0,0,0.971922246,0,0
54430,132,130,0,0,0.984848485,0,0
54433,1837,1811,2,0,0.985846489,0.001088732,0
54435,2179,2102,14,24,0.964662689,0.006424966,0.011014227
54436,2203,2097,52,26,0.951883795,0.023604176,0.011802088
54437,3152,3098,0,0,0.98286802,0,0
54440,2947,2893,3,26,0.981676281,0.001017984,0.008822531
54441,896,882,0,1,0.984375,0,0.001116071
54442,1081,941,75,7,0.870490287,0.069380204,0.006475486
54443,2246,2171,12,27,0.966607302,0.005342832,0.012021371
54446,3233,3172,7,0,0.981132075,0.002165172,0
54447,451,449,0,0,0.99556541,0,0
54448,4232,4118,1,51,0.973062382,0.000236295,0.01205104
54449,26001,24657,82,799,0.94830968,0.003153725,0.030729587
54450,448,441,0,0,0.984375,0,0
54451,11546,11314,61,22,0.979906461,0.005283215,0.001905422
54452,18695,18218,56,64,0.974485156,0.002995453,0.003423375
54454,1403,1384,3,0,0.986457591,0.002138275,0
54455,17700,17007,49,351,0.960847458,0.002768362,0.019830508
54456,5909,5703,58,59,0.965137925,0.009815536,0.009984769
54457,8242,7783,58,24,0.944309634,0.007037127,0.002911915
54458,97,92,0,0,0.948453608,0,0
54459,1167,1137,2,1,0.974293059,0.001713796,0.000856898
54460,2598,2478,7,4,0.953810624,0.00269438,0.001539646
54462,323,322,0,0,0.996904025,0,0
54463,603,582,0,2,0.965174129,0,0.00331675
54465,547,539,0,4,0.985374771,0,0.007312614
54466,2770,2711,0,2,0.978700361,0,0.000722022
54467,13941,12859,71,468,0.922387203,0.005092891,0.033570045
54469,1585,1501,20,0,0.947003155,0.012618297,0
54470,2073,1959,31,0,0.945007236,0.014954173,0
54471,1863,1817,5,13,0.975308642,0.002683843,0.006977992
54473,2701,2657,0,21,0.983709737,0,0.007774898
54474,3723,3599,15,81,0.966693527,0.004029009,0.021756648
54475,1626,1585,0,17,0.974784748,0,0.010455105
54476,18962,16623,218,1713,0.876648033,0.011496678,0.090338572
54479,3883,3784,32,12,0.974504249,0.008241051,0.003090394
54480,1401,1354,0,6,0.966452534,0,0.004282655
54481,29125,26628,269,1179,0.914266094,0.009236052,0.040480687
54482,9230,8844,116,105,0.958179848,0.012567714,0.011375948
54484,4974,4883,8,9,0.981704865,0.001608363,0.001809409
54485,336,331,0,0,0.985119048,0,0
54486,2273,2181,6,4,0.959524857,0.002639683,0.001759789
54487,9604,9389,18,17,0.977613494,0.001874219,0.001770096
54488,1275,1256,2,0,0.985098039,0.001568627,0
54489,1596,1544,7,0,0.967418546,0.004385965,0
54490,799,797,0,0,0.997496871,0,0
54491,1484,1456,9,0,0.981132075,0.00606469,0
54493,657,644,0,8,0.98021309,0,0.01217656
54494,26172,24412,200,765,0.93275256,0.007641755,0.029229711
54495,7747,7229,108,71,0.933135407,0.01394088,0.009164838
54498,2508,2453,11,3,0.978070175,0.004385965,0.001196172
54499,2939,2688,19,9,0.914596802,0.006464784,0.003062266
54501,20051,19184,168,70,0.956760261,0.008378634,0.003491098
54511,1263,1154,11,15,0.913697546,0.008709422,0.011876485
54512,791,778,0,0,0.983565107,0,0
54513,433,431,1,0,0.995381062,0.002309469,0
54514,1831,1763,0,8,0.962861824,0,0.004369197
54515,426,418,0,0,0.981220657,0,0
54517,81,80,0,1,0.987654321,0,0.012345679
54519,1290,1257,0,9,0.974418605,0,0.006976744
54520,4314,3164,15,0,0.733426055,0.003477051,0
54521,7734,7417,46,29,0.959012154,0.005947763,0.003749677
54524,727,627,0,0,0.862448418,0,0
54525,242,242,0,0,1,0,0
54526,852,840,7,0,0.985915493,0.008215962,0
54527,962,944,0,2,0.981288981,0,0.002079002
54529,1167,1162,0,0,0.99571551,0,0
54530,826,750,27,0,0.907990315,0.032687651,0
54531,1410,1383,0,0,0.980851064,0,0
54534,2205,2123,32,2,0.962811791,0.014512472,0.000907029
54536,191,183,0,0,0.958115183,0,0
54537,506,478,1,0,0.944664032,0.001976285,0
54538,3047,1135,8,86,0.372497539,0.002625533,0.028224483
54539,1235,1171,46,2,0.948178138,0.037246964,0.001619433
54540,876,848,0,0,0.96803653,0,0
54541,1222,1062,50,18,0.869067103,0.04091653,0.014729951
54542,391,376,12,0,0.961636829,0.030690537,0
54545,889,878,0,0,0.987626547,0,0
54546,1250,1161,16,0,0.9288,0.0128,0
54547,1491,1442,4,3,0.96713615,0.002682763,0.002012072
54548,4792,4496,38,80,0.938230384,0.007929883,0.016694491
54550,640,620,0,0,0.96875,0,0
54552,4081,3963,0,35,0.971085518,0,0.008576329
54554,1007,933,0,6,0.926514399,0,0.005958292
54555,4762,4568,30,42,0.959260815,0.006299874,0.008819824
54556,1208,1116,63,1,0.92384106,0.052152318,0.000827815
54557,921,917,0,0,0.995656895,0,0
54558,2010,1960,29,8,0.975124378,0.014427861,0.0039801
54559,828,515,0,4,0.621980676,0,0.004830918
54560,568,564,0,0,0.992957746,0,0
54561,6,6,0,0,1,0,0
54562,1755,1743,0,12,0.993162393,0,0.006837607
54563,738,734,4,0,0.994579946,0.005420054,0
54564,403,392,0,0,0.972704715,0,0
54565,62,62,0,0,1,0,0
54566,1309,1026,4,0,0.783804431,0.003055768,0
54568,4938,4499,7,0,0.91109761,0.001417578,0
54601,50529,46763,932,1489,0.925468543,0.018444853,0.029468226
54603,14304,12134,90,1105,0.848294183,0.006291946,0.077251119
54610,1555,1516,13,0,0.974919614,0.008360129,0
54611,1233,1161,4,2,0.941605839,0.00324412,0.00162206
54612,5179,4179,22,22,0.806912531,0.004247924,0.004247924
54613,1697,1633,0,0,0.962286388,0,0
54614,2748,2710,5,5,0.986171761,0.001819505,0.001819505
54615,10767,8857,428,56,0.822606111,0.039751091,0.005201077
54616,2564,2486,7,8,0.969578783,0.002730109,0.003120125
54618,2209,2096,31,22,0.948845632,0.014033499,0.009959258
54619,3850,3677,23,0,0.955064935,0.005974026,0
54621,1353,1328,0,5,0.981522542,0,0.003695492
54622,2047,2005,13,2,0.979482169,0.006350757,0.00097704
54623,2042,2024,1,2,0.991185113,0.000489716,0.000979432
54624,1466,1432,6,0,0.97680764,0.004092769,0
54625,258,256,0,2,0.992248062,0,0.007751938
54626,1388,1326,4,12,0.955331412,0.002881844,0.008645533
54627,1756,1733,0,0,0.98690205,0,0
54628,966,939,0,8,0.972049689,0,0.008281573
54629,2595,2558,14,0,0.985741811,0.00539499,0
54630,3975,3873,8,37,0.974339623,0.002012579,0.009308176
54631,1695,1616,16,5,0.95339233,0.009439528,0.002949853
54632,1101,1059,11,0,0.961852861,0.009990917,0
54634,4536,4404,10,9,0.970899471,0.002204586,0.001984127
54635,1767,1661,20,1,0.940011319,0.011318619,0.000565931
54636,14995,13819,174,831,0.921573858,0.011603868,0.055418473
54637,182,164,0,2,0.901098901,0,0.010989011
54638,1420,1395,4,4,0.982394366,0.002816901,0.002816901
54639,2619,2519,22,5,0.961817488,0.008400153,0.001909126
54641,3,3,0,0,1,0,0
54642,2063,2008,1,10,0.973339796,0.000484731,0.00484731
54643,0,0,0,0,#DIV/0!,#DIV/0!,#DIV/0!
54644,1586,1536,0,50,0.968474149,0,0.031525851
54645,56,56,0,0,1,0,0
54646,4231,4156,31,23,0.982273694,0.007326873,0.005436067
54648,1620,1408,0,8,0.869135802,0,0.004938272
54650,23656,20712,334,1669,0.875549543,0.01411904,0.070552925
54651,1407,1256,28,6,0.89267946,0.019900498,0.004264392
54652,941,926,1,2,0.984059511,0.001062699,0.002125399
54653,902,876,7,14,0.971175166,0.007760532,0.015521064
54654,83,83,0,0,1,0,0
54655,1796,1775,0,13,0.98830735,0,0.007238307
54656,17522,16484,246,217,0.940760187,0.014039493,0.012384431
54657,366,362,2,0,0.989071038,0.005464481,0
54658,2448,2380,0,3,0.972222222,0,0.00122549
54659,1370,1310,0,0,0.95620438,0,0
54660,16240,14973,379,114,0.921982759,0.023337438,0.007019704
54661,3658,3564,11,19,0.974302898,0.003007108,0.005194095
54664,1650,1583,3,1,0.959393939,0.001818182,0.000606061
54665,8119,7910,50,86,0.974257914,0.006158394,0.010592437
54666,2671,2511,20,13,0.940097342,0.007487832,0.004867091
54667,4883,4738,27,35,0.97030514,0.005529388,0.007167725
54669,7829,7608,36,33,0.971771618,0.004598288,0.004215098
54670,1946,1844,3,3,0.947584789,0.001541624,0.001541624
54701,40306,36908,343,1828,0.915694934,0.008509899,0.045353049
54703,43316,39547,458,1784,0.912988272,0.01057346,0.041185705
54720,7531,7169,48,203,0.951932014,0.006373656,0.026955252
54721,1346,1309,0,3,0.972511144,0,0.002228826
54722,4067,3922,35,3,0.964347185,0.008605852,0.000737644
54723,1172,1131,5,3,0.965017065,0.004266212,0.002559727
54724,7325,7240,6,5,0.988395904,0.000819113,0.000682594
54725,2675,2641,0,3,0.98728972,0,0.001121495
54726,1765,1744,8,0,0.988101983,0.004532578,0
54727,4870,4682,17,49,0.961396304,0.00349076,0.010061602
54728,6142,6044,35,22,0.984044285,0.00569847,0.003581895
54729,32663,31150,337,391,0.953678474,0.010317485,0.011970731
54730,4949,4863,8,16,0.982622752,0.001616488,0.003232976
54731,683,653,0,0,0.956076135,0,0
54732,2996,2917,12,0,0.973631509,0.00400534,0
54733,1291,1215,0,6,0.941130906,0,0.00464756
54734,871,851,0,3,0.977037887,0,0.003444317
54736,4070,3955,15,9,0.971744472,0.003685504,0.002211302
54737,595,588,0,7,0.988235294,0,0.011764706
54738,3363,3131,56,61,0.931013976,0.016651799,0.018138567
54739,5300,4893,14,257,0.923207547,0.002641509,0.048490566
54740,1960,1897,8,1,0.967857143,0.004081633,0.000510204
54741,1798,1756,0,0,0.976640712,0,0
54742,4647,4365,14,96,0.939315688,0.003012696,0.020658489
54745,1872,1862,0,8,0.99465812,0,0.004273504
54746,771,746,0,4,0.967574578,0,0.005188067
54747,2714,2249,0,39,0.828666175,0,0.014369934
54748,1338,1305,0,17,0.975336323,0,0.012705531
54749,1280,1231,9,7,0.96171875,0.00703125,0.00546875
54750,953,942,1,1,0.988457503,0.001049318,0.001049318
54751,25768,23924,236,832,0.928438373,0.009158646,0.032288109
54754,1673,1464,3,9,0.875074716,0.001793186,0.005379558
54755,7201,6983,26,5,0.969726427,0.00361061,0.000694348
54756,885,875,4,0,0.988700565,0.004519774,0
54757,3296,3227,14,2,0.979065534,0.004247573,0.000606796
54758,4521,4364,14,16,0.96527317,0.00309666,0.00353904
54759,1450,1424,6,10,0.982068966,0.004137931,0.006896552
54760,266,266,0,0,1,0,0
54761,1179,1153,0,0,0.977947413,0,0
54762,1281,1251,3,0,0.976580796,0.00234192,0
54763,1187,1178,0,2,0.99241786,0,0.00168492
54765,39,39,0,0,1,0,0
54766,1707,1660,12,4,0.972466315,0.007029877,0.002343292
54767,3765,3683,12,25,0.978220452,0.003187251,0.006640106
54768,6159,5269,417,33,0.855496022,0.067705796,0.005358013
54769,664,646,9,3,0.972891566,0.013554217,0.004518072
54770,2116,2021,2,24,0.95510397,0.00094518,0.011342155
54771,4245,4190,5,2,0.987043581,0.001177856,0.000471143
54772,1010,967,0,6,0.957425743,0,0.005940594
54773,3428,3321,29,5,0.968786464,0.008459743,0.001458576
54801,6662,6350,60,48,0.953167217,0.009006304,0.007205044
54805,1369,1273,16,14,0.929875822,0.011687363,0.010226443
54806,11569,9646,55,56,0.833779929,0.004754084,0.004840522
54810,2152,2080,14,10,0.966542751,0.006505576,0.00464684
54812,5610,5052,454,45,0.900534759,0.080926916,0.00802139
54813,615,606,0,0,0.985365854,0,0
54814,2604,1205,58,47,0.462749616,0.022273425,0.018049155
54817,2116,2005,0,10,0.947542533,0,0.004725898
54819,2468,2399,0,0,0.972042139,0,0
54820,761,732,4,0,0.961892247,0.005256242,0
54821,1261,1192,12,0,0.945281523,0.009516257,0
54822,4629,4489,10,59,0.969755887,0.002160294,0.012745733
54824,2357,2228,22,10,0.94526941,0.009333899,0.004242681
54826,734,707,4,2,0.963215259,0.005449591,0.002724796
54827,246,239,0,0,0.971544715,0,0
54828,655,296,3,0,0.451908397,0.004580153,0
54829,5135,4825,4,0,0.93962999,0.000778968,0
54830,2841,2596,24,6,0.91376276,0.00844773,0.002111932
54832,372,365,0,3,0.981182796,0,0.008064516
54835,940,865,4,4,0.920212766,0.004255319,0.004255319
54836,978,905,0,0,0.925357873,0,0
54837,3680,3494,14,12,0.949456522,0.003804348,0.00326087
54838,1192,1109,31,6,0.930369128,0.026006711,0.005033557
54839,236,218,0,0,0.923728814,0,0
54840,4326,4064,21,18,0.939435969,0.004854369,0.004160888
54841,345,334,0,0,0.968115942,0,0
54842,136,136,0,0,1,0,0
54843,11638,8940,68,65,0.768173226,0.005842928,0.005585152
54844,264,251,0,0,0.950757576,0,0
54845,133,75,0,0,0.563909774,0,0
54846,474,443,0,4,0.934599156,0,0.008438819
54847,2332,2226,14,8,0.954545455,0.006003431,0.003430532
54848,5756,5490,109,6,0.953787352,0.018936762,0.001042391
54849,1973,1867,5,18,0.946274709,0.002534212,0.009123163
54850,162,157,0,0,0.969135802,0,0
54853,4254,3924,11,11,0.922425952,0.002585802,0.002585802
54854,1001,957,0,0,0.956043956,0,0
54855,914,894,2,3,0.978118162,0.002188184,0.003282276
54856,1612,1547,0,1,0.959677419,0,0.000620347
54857,30,30,0,0,1,0,0
54858,1756,1672,7,12,0.952164009,0.003986333,0.006833713
54859,1622,1570,2,5,0.967940814,0.001233046,0.003082614
54861,143,36,0,0,0.251748252,0,0
54862,240,234,0,0,0.975,0,0
54864,1352,1272,11,21,0.940828402,0.008136095,0.015532544
54865,443,431,0,0,0.972911964,0,0
54867,367,288,5,0,0.784741144,0.013623978,0
54868,15387,14826,11,157,0.963540651,0.000714889,0.010203418
54870,1504,1466,2,0,0.974734043,0.001329787,0
54871,3066,2984,21,2,0.973255055,0.006849315,0.000652316
54872,2646,2523,6,7,0.953514739,0.002267574,0.002645503
54873,2749,2616,11,8,0.95161877,0.004001455,0.002910149
54874,3821,3629,13,22,0.949751374,0.003402251,0.005757655
54875,1135,1052,0,13,0.926872247,0,0.011453744
54876,1456,1082,4,4,0.743131868,0.002747253,0.002747253
54880,30137,27832,466,380,0.923515944,0.01546272,0.012609085
54888,1275,1234,0,0,0.967843137,0,0
54889,2492,2419,0,21,0.97070626,0,0.008426966
54891,3254,2966,4,18,0.911493546,0.001229256,0.005531653
54893,3640,3105,16,13,0.853021978,0.004395604,0.003571429
54895,892,862,11,0,0.966367713,0.012331839,0
54896,1422,1350,0,8,0.949367089,0,0.005625879
54901,38898,34960,1874,1335,0.898760862,0.048177284,0.034320531
54902,22137,20765,437,483,0.938022316,0.019740706,0.021818675
54904,21355,20264,145,648,0.948911262,0.006789979,0.030344182
54909,2124,2070,3,0,0.974576271,0.001412429,0
54911,26516,22614,680,1858,0.852843566,0.025644894,0.070070901
54913,19744,18420,88,908,0.932941653,0.00445705,0.045988655
54914,31369,26313,921,1890,0.838821767,0.029360196,0.060250566
54915,42788,37844,765,2382,0.884453585,0.017878845,0.055669814
54921,1162,1056,0,3,0.908777969,0,0.002581756
54922,1427,1294,8,0,0.906797477,0.005606167,0
54923,8710,8390,23,2,0.96326062,0.002640643,0.000229621
54927,509,509,0,0,1,0,0
54928,462,436,0,4,0.943722944,0,0.008658009
54929,8714,8342,2,5,0.957310076,0.000229516,0.000573789
54930,1605,1537,10,3,0.957632399,0.00623053,0.001869159
54931,296,282,0,0,0.952702703,0,0
54932,1390,1380,0,6,0.992805755,0,0.004316547
54933,259,259,0,0,1,0,0
54934,428,371,0,0,0.86682243,0,0
54935,42148,37490,800,969,0.889484673,0.018980735,0.022990415
54937,19209,18106,314,199,0.942578999,0.016346504,0.010359727
54940,3877,3795,24,20,0.978849626,0.006190353,0.005158628
54941,2293,2197,50,9,0.95813345,0.021805495,0.003924989
54942,9252,8949,115,92,0.967250324,0.012429745,0.009943796
54943,1911,1821,14,8,0.952904239,0.007326007,0.00418629
54944,9005,8674,41,156,0.963242643,0.004553026,0.017323709
54945,3456,3387,9,16,0.980034722,0.002604167,0.00462963
54946,102,98,0,0,0.960784314,0,0
54947,2601,2540,13,21,0.976547482,0.004998078,0.008073818
54948,229,227,0,0,0.991266376,0,0
54949,3440,3307,4,12,0.961337209,0.001162791,0.003488372
54950,2953,2833,0,12,0.959363359,0,0.004063664
54952,26209,23704,495,516,0.904422145,0.018886642,0.019687893
54956,43211,40489,327,1027,0.937006781,0.007567518,0.023767096
54960,2529,2478,10,16,0.979833926,0.003954132,0.006326611
54961,13790,13278,62,84,0.962871646,0.004496012,0.006091371
54962,1160,1144,0,2,0.986206897,0,0.001724138
54963,6931,6623,0,49,0.955561968,0,0.007069687
54964,951,942,9,0,0.990536278,0.009463722,0
54965,1468,1436,0,8,0.978201635,0,0.005449591
54966,2129,1890,18,17,0.887740723,0.008454674,0.007984969
54967,382,344,0,0,0.90052356,0,0
54968,2827,2734,23,6,0.967102936,0.008135833,0.002122391
54970,3745,3138,287,34,0.837917223,0.076635514,0.009078772
54971,10725,10309,86,125,0.961212121,0.008018648,0.011655012
54974,1375,1332,8,0,0.968727273,0.005818182,0
54977,1419,1394,20,2,0.982381959,0.014094433,0.001409443
54979,1338,1313,0,19,0.981315396,0,0.014200299
54980,122,122,0,0,1,0,0
54981,15344,14866,110,91,0.968847758,0.007168926,0.005930657
54982,7026,6539,49,32,0.930686023,0.006974096,0.004554512
54983,4436,4215,25,0,0.950180343,0.005635708,0
54984,3104,3060,8,3,0.985824742,0.00257732,0.000966495
54985,415,207,165,20,0.498795181,0.397590361,0.048192771
54986,4954,4924,0,4,0.993944287,0,0.000807428
61072,11652,11169,118,114,0.958547889,0.010127017,0.009783728
61080,10393,9568,141,40,0.920619648,0.013566824,0.003848744