zip code,Total,Associate's degree,Bachelor's degree,Master's degree,Professional school degree,Doctorate degree,Assoc Ratio,Bachelor Ratio,Master Ratio,Prof Degree Ratio,Doctor Ratio
53001,1421,186,180,42,11,6,0.130893737,0.126671358,0.02955665,0.007741027,0.004222379
53002,1616,243,341,50,0,6,0.150371287,0.211014851,0.030940594,0,0.003712871
53003,102,6,4,5,0,0,0.058823529,0.039215686,0.049019608,0,0
53004,2133,332,500,131,18,10,0.15564932,0.234411627,0.061415846,0.008438819,0.004688233
53005,14101,1035,4791,2172,813,324,0.07339905,0.339763137,0.154031629,0.057655485,0.022977094
53006,1193,176,186,64,8,7,0.147527242,0.155909472,0.05364627,0.006705784,0.005867561
53007,1393,125,273,66,4,0,0.089734386,0.195979899,0.047379756,0.0028715,0
53010,5337,666,586,263,15,16,0.124789207,0.109799513,0.049278621,0.002810568,0.002997939
53011,1693,201,262,67,7,7,0.118724158,0.154754873,0.039574719,0.004134672,0.004134672
53012,13089,1153,4158,1906,616,147,0.088089235,0.317671327,0.145618458,0.047062419,0.011230804
53013,2261,291,373,196,23,9,0.128704113,0.164971252,0.086687307,0.01017249,0.00398054
53014,5707,802,851,209,14,8,0.140529175,0.149115122,0.036621693,0.002453128,0.001401787
53015,1813,235,285,105,21,18,0.129619415,0.157198014,0.057915058,0.011583012,0.009928296
53016,296,34,26,1,0,0,0.114864865,0.087837838,0.003378378,0,0
53017,4038,496,1062,413,104,23,0.122833086,0.263001486,0.102278356,0.025755324,0.005695889
53018,5668,395,1905,861,176,73,0.069689485,0.336097389,0.151905434,0.031051517,0.012879323
53019,1376,182,146,40,7,2,0.132267442,0.106104651,0.029069767,0.005087209,0.001453488
53020,2786,311,507,163,22,20,0.111629576,0.181981335,0.05850682,0.007896626,0.007178751
53021,3433,363,479,140,29,4,0.105738421,0.13952811,0.040780658,0.008447422,0.001165162
53022,13389,1353,3714,1124,249,163,0.101053103,0.277391889,0.083949511,0.018597356,0.012174173
53023,1798,102,154,80,2,6,0.0567297,0.085650723,0.044493882,0.001112347,0.003337041
53024,11586,979,3563,1216,247,164,0.084498533,0.307526325,0.104954255,0.021318833,0.014155015
53027,15425,1667,2985,831,97,29,0.108071313,0.193517018,0.053873582,0.006288493,0.001880065
53029,13957,1309,4409,1558,404,198,0.093788063,0.315898832,0.111628573,0.028946049,0.01418643
53032,3312,365,441,136,30,3,0.110205314,0.133152174,0.041062802,0.009057971,0.000905797
53033,3910,411,1013,281,68,22,0.10511509,0.259079284,0.071867008,0.017391304,0.005626598
53034,1185,127,129,24,5,8,0.107172996,0.108860759,0.020253165,0.004219409,0.006751055
53035,1712,161,218,62,4,2,0.094042056,0.127336449,0.036214953,0.002336449,0.001168224
53036,2067,261,453,147,32,13,0.126269956,0.2191582,0.071117562,0.015481374,0.006289308
53037,6690,817,1611,366,26,12,0.122122571,0.240807175,0.05470852,0.003886398,0.001793722
53038,2906,287,622,187,53,8,0.098761184,0.214039917,0.064349621,0.018238128,0.002752925
53039,3315,369,381,86,18,7,0.111312217,0.114932127,0.025942685,0.005429864,0.002111614
53040,5546,700,880,146,131,15,0.126217093,0.158672917,0.026325279,0.023620627,0.002704652
53042,4790,618,633,238,15,11,0.129018789,0.132150313,0.049686848,0.003131524,0.002296451
53044,1638,130,594,317,49,32,0.079365079,0.362637363,0.193528694,0.02991453,0.01953602
53045,15425,928,5559,2471,1168,530,0.060162075,0.360388979,0.160194489,0.075721232,0.034359806
53046,850,102,111,40,3,3,0.12,0.130588235,0.047058824,0.003529412,0.003529412
53047,32,11,3,7,0,0,0.34375,0.09375,0.21875,0,0
53048,2228,243,258,70,8,0,0.109066427,0.115798923,0.031418312,0.003590664,0
53049,2040,312,327,152,12,28,0.152941176,0.160294118,0.074509804,0.005882353,0.01372549
53050,4847,528,540,149,6,7,0.108933361,0.111409119,0.030740664,0.001237879,0.001444192
53051,26156,2289,7386,2779,543,367,0.087513381,0.282382627,0.106247133,0.020760055,0.014031197
53057,1209,163,145,82,10,0,0.134822167,0.11993383,0.067824648,0.008271299,0
53058,2533,239,768,382,77,52,0.09435452,0.303197789,0.150809317,0.030398737,0.020529017
53059,1405,208,123,41,10,0,0.148042705,0.087544484,0.029181495,0.007117438,0
53061,3696,502,514,123,11,6,0.135822511,0.139069264,0.033279221,0.00297619,0.001623377
53063,1212,186,156,47,5,3,0.153465347,0.128712871,0.038778878,0.004125413,0.002475248
53065,1676,272,244,42,8,21,0.162291169,0.145584726,0.025059666,0.00477327,0.012529833
53066,23789,2224,6804,2642,704,233,0.093488587,0.286014545,0.111059733,0.02959351,0.009794443
53069,597,27,263,24,37,0,0.045226131,0.440536013,0.040201005,0.061976549,0
53070,3378,340,663,214,41,18,0.100651273,0.196269982,0.063351095,0.012137359,0.005328597
53072,17722,1740,5762,2062,587,218,0.098183049,0.325132604,0.116352556,0.033122672,0.012301095
53073,10259,1003,2105,649,166,48,0.097767814,0.205185691,0.063261526,0.016180914,0.004678819
53074,9100,867,2012,676,191,68,0.095274725,0.221098901,0.074285714,0.020989011,0.007472527
53075,2235,216,352,101,16,11,0.096644295,0.157494407,0.045190157,0.007158837,0.0049217
53076,2383,331,543,236,59,7,0.138900546,0.227864037,0.09903483,0.024758708,0.002937474
53078,1306,176,143,71,12,0,0.134762634,0.10949464,0.054364472,0.009188361,0
53079,1071,138,125,43,0,4,0.128851541,0.116713352,0.040149393,0,0.003734827
53080,3955,496,636,168,58,27,0.125410872,0.160809102,0.042477876,0.014664981,0.006826802
53081,28661,2841,3684,1287,112,111,0.099124245,0.128537036,0.044904225,0.003907749,0.003872859
53083,13857,1517,2894,989,91,170,0.109475355,0.208847514,0.07137187,0.006567078,0.012268168
53085,8126,898,1341,472,23,61,0.110509476,0.165025843,0.058085159,0.002830421,0.007506768
53086,5642,592,1378,383,72,26,0.104927331,0.244239631,0.067883729,0.012761432,0.004608295
53088,293,26,33,6,0,0,0.088737201,0.112627986,0.020477816,0,0
53089,13254,1546,3758,1133,152,38,0.116644032,0.283537045,0.085483628,0.011468236,0.002867059
53090,15399,1832,2480,888,94,20,0.118968764,0.161049419,0.057666082,0.006104292,0.001298786
53091,1372,214,108,29,7,3,0.155976676,0.078717201,0.021137026,0.005102041,0.002186589
53092,15231,844,5485,2669,1161,393,0.055413302,0.360120806,0.175234719,0.076226118,0.025802639
53093,1408,180,265,46,3,8,0.127840909,0.188210227,0.032670455,0.002130682,0.005681818
53094,12694,1605,1933,603,77,77,0.126437687,0.152276666,0.047502757,0.006065858,0.006065858
53095,19213,2106,4293,1063,334,117,0.109613283,0.223442461,0.055327122,0.017384063,0.006089627
53097,3645,139,1353,436,324,134,0.038134431,0.371193416,0.119615912,0.088888889,0.036762689
53098,8477,972,972,432,64,11,0.114663206,0.114663206,0.050961425,0.007549841,0.001297629
53103,2893,425,494,207,13,31,0.146906326,0.170757,0.071552022,0.004493605,0.01071552
53104,3956,338,543,269,25,60,0.085439838,0.137259858,0.067997978,0.006319515,0.015166835
53105,20396,1886,3278,1343,203,165,0.092469112,0.160717788,0.065846244,0.009952932,0.008089822
53108,2495,282,234,146,48,0,0.113026052,0.093787575,0.058517034,0.019238477,0
53110,13455,1273,2109,536,133,82,0.094611669,0.156744705,0.039836492,0.009884801,0.006094389
53114,1950,184,178,115,9,22,0.094358974,0.091282051,0.058974359,0.004615385,0.011282051
53115,11044,1147,1382,599,67,33,0.103857298,0.12513582,0.054237595,0.006066643,0.002988048
53118,5319,406,1269,407,92,44,0.076330137,0.23857868,0.076518143,0.017296484,0.008272232
53119,3894,450,819,229,77,11,0.115562404,0.210323575,0.058808423,0.019774011,0.002824859
53120,6883,661,1256,604,192,35,0.096033706,0.18247857,0.087752434,0.027894813,0.005084992
53121,12703,1076,2442,1103,99,113,0.084704401,0.192238054,0.086829883,0.007793435,0.008895536
53122,4349,212,1722,823,342,177,0.048746838,0.395953093,0.189238905,0.078638768,0.040699011
53125,1481,123,545,236,69,13,0.083051992,0.367994598,0.159351789,0.046590142,0.008777853
53126,5034,604,1019,355,104,5,0.119984108,0.20242352,0.070520461,0.020659515,0.000993246
53128,5661,602,736,302,23,21,0.106341636,0.130012365,0.053347465,0.004062886,0.003709592
53129,10553,1009,2732,1189,232,87,0.095612622,0.25888373,0.112669383,0.02198427,0.008244101
53130,5535,492,1512,599,125,60,0.088888889,0.273170732,0.108220416,0.022583559,0.010840108
53132,25811,2443,6330,2881,613,319,0.094649568,0.245244276,0.111619077,0.023749564,0.012359072
53137,1180,144,219,34,14,10,0.122033898,0.18559322,0.028813559,0.011864407,0.008474576
53139,1980,226,434,119,14,17,0.114141414,0.219191919,0.06010101,0.007070707,0.008585859
53140,18209,1633,2104,890,116,169,0.089680927,0.115547257,0.048876929,0.006370476,0.009281125
53142,21653,2234,4809,1939,282,272,0.103172771,0.222093936,0.089548792,0.0130236,0.01256177
53143,15758,1595,2017,725,127,127,0.101218429,0.127998477,0.046008377,0.008059398,0.008059398
53144,17075,1979,2915,1148,193,87,0.115900439,0.170717423,0.067232796,0.011303075,0.005095168
53146,5816,725,1470,358,49,42,0.124656121,0.252751032,0.061554333,0.008425034,0.007221458
53147,11915,786,2547,1137,275,147,0.065967268,0.213764163,0.095425934,0.023080151,0.01233739
53149,13667,1802,3113,1085,242,162,0.131850443,0.227774932,0.079388308,0.017706885,0.011853369
53150,17425,1746,4340,1381,245,251,0.100200861,0.249067432,0.079253945,0.014060258,0.014404591
53151,23711,2370,6607,2713,640,305,0.099953608,0.278647041,0.114419468,0.026991692,0.012863228
53153,1749,166,414,134,20,9,0.094911378,0.23670669,0.076615209,0.011435106,0.005145798
53154,25040,2534,5611,2072,207,243,0.101198083,0.22408147,0.082747604,0.008266773,0.009704473
53156,2106,215,299,95,6,20,0.102089269,0.141975309,0.045109212,0.002849003,0.009496676
53158,12023,1163,2809,1109,143,102,0.096731265,0.233635532,0.092239874,0.01189387,0.008483739
53167,379,48,70,0,0,0,0.126649077,0.18469657,0,0,0
53168,6138,634,1030,340,74,18,0.103290974,0.167807103,0.055392636,0.012056044,0.002932551
53170,1612,168,282,115,0,12,0.104218362,0.174937965,0.07133995,0,0.007444169
53172,15039,1676,2174,850,104,28,0.11144358,0.144557484,0.056519715,0.006915353,0.001861826
53177,6308,531,800,223,46,5,0.084178821,0.126823082,0.035351934,0.007292327,0.000792644
53178,2121,244,279,104,19,10,0.115040075,0.131541726,0.049033475,0.008958039,0.004714757
53179,4292,328,715,175,40,9,0.076421249,0.166589003,0.040773532,0.009319664,0.002096925
53181,5122,430,672,334,26,30,0.083951581,0.13119875,0.065208903,0.005076142,0.005857087
53182,6774,783,927,289,36,4,0.115589017,0.136846767,0.042663124,0.005314438,0.000590493
53183,1919,210,484,378,51,31,0.109431996,0.252214695,0.196977592,0.026576342,0.016154247
53184,2815,208,547,168,24,12,0.073889876,0.194316163,0.059680284,0.008525755,0.004262877
53185,12915,1380,2878,923,98,94,0.106852497,0.222841657,0.071467286,0.007588076,0.007278358
53186,22294,2238,5440,2057,269,252,0.100385754,0.244011842,0.092266978,0.012066027,0.01130349
53188,24735,2408,5986,2125,477,248,0.09735193,0.242005256,0.085910653,0.019284415,0.010026279
53189,17585,2140,5021,1471,330,194,0.121694626,0.285527438,0.083650839,0.018765994,0.01103213
53190,8105,682,1596,869,41,258,0.084145589,0.196915484,0.107217767,0.005058606,0.031832202
53191,2059,256,443,309,48,51,0.1243322,0.215152987,0.150072851,0.023312288,0.024769305
53192,50,0,0,0,0,0,0,0,0,0,0
53195,91,6,12,0,0,0,0.065934066,0.131868132,0,0,0
53202,19312,795,8235,2799,1469,751,0.041166114,0.426418807,0.144935791,0.076066694,0.038887738
53203,1068,83,439,144,72,13,0.077715356,0.411048689,0.134831461,0.06741573,0.012172285
53204,22165,656,1239,446,110,58,0.02959621,0.05589894,0.020121814,0.004962779,0.002616738
53205,5293,401,350,134,0,29,0.075760438,0.066125071,0.025316456,0,0.005478934
53206,13825,867,759,178,18,5,0.062712477,0.054900542,0.012875226,0.001301989,0.000361664
53207,27711,2284,6873,2644,400,283,0.082422143,0.24802425,0.095413374,0.014434701,0.010212551
53208,18511,1333,3111,1256,226,126,0.072011237,0.168062233,0.067851548,0.012208957,0.006806764
53209,28270,2307,3786,1646,293,292,0.081605943,0.133922886,0.058224266,0.010364344,0.010328971
53210,15391,1145,1934,892,158,83,0.074394126,0.125657852,0.057955948,0.01026574,0.005392762
53211,20197,924,7530,3985,1335,1186,0.045749369,0.372827648,0.197306531,0.066098926,0.058721592
53212,19588,1267,3932,1644,349,235,0.064682459,0.200735144,0.083928936,0.017817031,0.011997141
53213,19232,1161,6979,3058,882,627,0.060368136,0.362884775,0.159005824,0.045861065,0.032601913
53214,25485,2592,4303,1230,191,162,0.101706886,0.168844418,0.048263685,0.007494605,0.00635668
53215,35410,1605,2362,905,127,66,0.045326179,0.066704321,0.025557752,0.003586557,0.00186388
53216,20868,2029,2379,1099,173,51,0.097230209,0.1140023,0.052664366,0.008290205,0.002443933
53217,20595,817,7740,4040,1798,976,0.039669823,0.375819374,0.196164118,0.087302743,0.047390143
53218,23766,1977,2070,832,64,66,0.083186064,0.087099217,0.035007995,0.002692923,0.002777076
53219,25069,2337,4073,1133,129,55,0.093222705,0.162471578,0.045195261,0.005145798,0.002193945
53220,19439,1812,3533,1005,101,85,0.093214672,0.181748032,0.05170019,0.005195741,0.004372653
53221,28350,2093,4222,1539,283,165,0.07382716,0.148924162,0.054285714,0.009982363,0.005820106
53222,18245,1451,4752,1796,223,246,0.079528638,0.260454919,0.098437928,0.012222527,0.013483146
53223,20209,1825,3510,1692,208,149,0.090306299,0.173684992,0.083725073,0.010292444,0.007372953
53224,12755,1221,1931,1046,145,83,0.095727166,0.151391611,0.082007056,0.011368091,0.006507252
53225,16071,1451,2133,783,47,59,0.090286852,0.132723539,0.048721299,0.002924522,0.003671209
53226,13720,1158,4565,2106,657,477,0.084402332,0.332725948,0.153498542,0.047886297,0.034766764
53227,17598,1644,3087,1184,160,96,0.093419707,0.175417661,0.067280373,0.009091942,0.005455165
53228,11289,922,2431,939,188,145,0.081672424,0.215342369,0.083178315,0.016653379,0.012844362
53233,5425,264,763,293,96,92,0.048663594,0.140645161,0.054009217,0.017695853,0.016958525
53235,7256,582,1685,466,90,72,0.080209482,0.23222161,0.064222712,0.012403528,0.009922822
53295,192,24,15,5,0,0,0.125,0.078125,0.026041667,0,0
53402,22842,2331,4125,1753,238,314,0.102048857,0.18058839,0.076744593,0.010419403,0.013746607
53403,16655,1522,2262,809,189,165,0.091383969,0.135815071,0.048574002,0.011347944,0.009906935
53404,8583,685,776,224,0,70,0.079808925,0.090411278,0.026098101,0,0.008155657
53405,16879,1760,2414,875,99,50,0.10427158,0.143017951,0.051839564,0.005865276,0.002962261
53406,18944,1685,3510,1898,250,141,0.088946368,0.185282939,0.100190034,0.013196791,0.00744299
53501,132,0,0,0,0,0,0,0,0,0,0
53502,1661,144,209,71,12,3,0.086694762,0.125827815,0.042745334,0.007224564,0.001806141
53503,1368,142,195,64,8,5,0.10380117,0.14254386,0.046783626,0.005847953,0.003654971
53504,1435,158,146,76,20,4,0.11010453,0.10174216,0.052961672,0.013937282,0.002787456
53505,292,34,46,9,2,9,0.116438356,0.157534247,0.030821918,0.006849315,0.030821918
53506,737,95,61,26,4,4,0.12890095,0.082767978,0.035278155,0.005427408,0.005427408
53507,1536,221,321,108,25,4,0.143880208,0.208984375,0.0703125,0.016276042,0.002604167
53508,3638,469,904,210,53,61,0.128916987,0.24848818,0.057724024,0.014568444,0.016767455
53510,996,130,142,47,5,3,0.130522088,0.142570281,0.047188755,0.00502008,0.003012048
53511,31321,2780,3201,1598,227,278,0.088758341,0.102199802,0.051020082,0.007247534,0.008875834
53515,1617,222,390,118,23,19,0.13729128,0.241187384,0.072974644,0.014223871,0.011750155
53516,1645,200,290,126,12,28,0.121580547,0.176291793,0.076595745,0.007294833,0.017021277
53517,1276,121,313,96,24,34,0.094827586,0.245297806,0.07523511,0.018808777,0.026645768
53518,934,121,111,39,7,2,0.129550321,0.118843683,0.041755889,0.007494647,0.002141328
53520,4709,522,613,181,40,6,0.110851561,0.130176258,0.038437035,0.008494372,0.001274156
53521,2753,382,594,179,48,51,0.138757719,0.21576462,0.065019978,0.017435525,0.018525245
53522,812,77,104,35,3,2,0.094827586,0.128078818,0.043103448,0.003694581,0.002463054
53523,3563,477,800,334,48,52,0.133875947,0.224529891,0.093741229,0.013471793,0.014594443
53525,2637,286,327,141,8,15,0.108456579,0.124004551,0.053469852,0.00303375,0.005688282
53526,397,54,70,10,0,2,0.136020151,0.176322418,0.025188917,0,0.005037783
53527,7207,1045,1949,809,114,124,0.144997919,0.270431525,0.112251977,0.015817955,0.017205495
53528,4230,536,1117,362,52,87,0.126713948,0.264066194,0.085579196,0.012293144,0.020567376
53529,1434,166,249,67,13,8,0.115760112,0.173640167,0.046722455,0.009065551,0.005578801
53530,2938,386,339,150,33,9,0.131381892,0.115384615,0.05105514,0.011232131,0.003063308
53531,3183,319,714,251,34,21,0.100219918,0.224316682,0.078856425,0.010681747,0.006597549
53532,9942,1471,2416,905,96,207,0.147958157,0.243009455,0.091027962,0.009656005,0.02082076
53533,5101,640,927,331,68,21,0.125465595,0.181729073,0.064889237,0.013330719,0.00411684
53534,8477,1015,1334,539,64,76,0.119735756,0.157366993,0.063583815,0.007549841,0.008965436
53536,5716,763,1089,312,41,38,0.133484955,0.190517845,0.054583625,0.007172848,0.006648006
53537,574,47,32,11,0,1,0.081881533,0.055749129,0.019163763,0,0.00174216
53538,13236,1711,2032,678,122,131,0.129268661,0.153520701,0.051223935,0.009217286,0.00989725
53540,182,20,8,3,0,0,0.10989011,0.043956044,0.016483516,0,0
53541,636,51,50,24,0,4,0.080188679,0.078616352,0.037735849,0,0.006289308
53543,1161,139,181,40,9,6,0.119724376,0.155900086,0.034453058,0.007751938,0.005167959
53544,534,60,87,28,8,6,0.112359551,0.162921348,0.052434457,0.014981273,0.011235955
53545,16227,1795,2560,998,289,93,0.110618106,0.157761755,0.061502434,0.017809823,0.005731189
53546,21375,2600,3430,1256,204,124,0.121637427,0.160467836,0.058760234,0.00954386,0.00580117
53548,12697,1160,1653,698,122,42,0.091360164,0.130188233,0.054973616,0.009608569,0.003307868
53549,7181,851,926,277,72,43,0.118507172,0.1289514,0.038574015,0.010026459,0.005988024
53550,798,88,58,27,2,0,0.110275689,0.072681704,0.033834586,0.002506266,0
53551,6131,607,1542,517,101,43,0.099005056,0.251508726,0.084325559,0.016473658,0.007013538
53553,334,30,30,6,0,0,0.089820359,0.089820359,0.017964072,0,0
53554,738,101,91,31,0,3,0.136856369,0.123306233,0.04200542,0,0.004065041
53555,5900,950,1324,465,88,58,0.161016949,0.22440678,0.078813559,0.014915254,0.009830508
53556,1796,167,149,70,12,0,0.09298441,0.082962138,0.038975501,0.006681514,0
53557,288,12,26,9,2,0,0.041666667,0.090277778,0.03125,0.006944444,0
53558,8184,1125,2555,1011,128,55,0.137463343,0.312194526,0.123533724,0.015640274,0.00672043
53559,4241,589,546,123,33,15,0.138882339,0.128743221,0.029002594,0.007781184,0.003536902
53560,2534,299,534,163,42,33,0.117995264,0.210734017,0.064325178,0.016574586,0.013022889
53561,1449,165,286,86,30,24,0.113871636,0.197377502,0.059351277,0.020703934,0.016563147
53562,17598,1541,5806,2705,956,1187,0.087566769,0.329923855,0.153710649,0.054324355,0.067450847
53563,7476,975,1520,504,52,79,0.130417335,0.203317282,0.06741573,0.006955591,0.010567148
53565,3308,410,500,269,33,53,0.123941959,0.15114873,0.081318017,0.009975816,0.016021765
53566,10554,966,1515,543,133,93,0.091529278,0.14354747,0.051449687,0.012601857,0.008811825
53569,877,124,117,35,4,1,0.141391106,0.13340935,0.03990878,0.004561003,0.001140251
53570,1874,220,254,100,12,12,0.117395945,0.135538954,0.053361793,0.006403415,0.006403415
53571,183,41,69,0,0,0,0.224043716,0.37704918,0,0,0
53572,7098,705,2383,706,79,71,0.099323753,0.335728374,0.099464638,0.011129896,0.010002818
53573,2131,251,220,82,11,5,0.117785077,0.103237916,0.038479587,0.005161896,0.002346316
53574,2724,366,656,231,37,34,0.134361233,0.24082232,0.084801762,0.013582966,0.012481645
53575,11257,1379,3122,1176,254,187,0.122501555,0.277338545,0.104468331,0.022563738,0.016611886
53576,1576,195,228,83,2,9,0.123730964,0.144670051,0.052664975,0.001269036,0.00571066
53577,981,115,111,47,2,2,0.117227319,0.113149847,0.047910296,0.002038736,0.002038736
53578,4402,441,824,413,82,69,0.100181736,0.187187642,0.09382099,0.018627896,0.015674693
53579,1216,153,87,31,4,6,0.125822368,0.071546053,0.025493421,0.003289474,0.004934211
53580,354,53,42,19,4,2,0.149717514,0.118644068,0.053672316,0.011299435,0.005649718
53581,7097,708,943,453,86,72,0.099760462,0.132873045,0.063829787,0.012117796,0.010145132
53582,789,96,116,30,11,2,0.121673004,0.147021546,0.038022814,0.013941698,0.002534854
53583,4236,537,780,201,47,59,0.126770538,0.184135977,0.047450425,0.011095373,0.013928234
53585,1474,100,116,28,19,8,0.067842605,0.078697422,0.018995929,0.012890095,0.005427408
53586,1580,159,203,57,6,0,0.100632911,0.128481013,0.036075949,0.003797468,0
53587,873,97,92,17,4,0,0.111111111,0.105383734,0.019473081,0.004581901,0
53588,3026,348,608,244,37,28,0.115003305,0.200925314,0.080634501,0.012227363,0.009253139
53589,14051,1425,3202,1233,183,151,0.101416269,0.227884136,0.087751761,0.013023984,0.010746566
53590,25531,3244,7476,2866,553,368,0.12706122,0.292820493,0.112255689,0.021659943,0.01441385
53593,14913,1382,5335,2462,900,556,0.092670824,0.357741568,0.16509086,0.06035003,0.037282908
53594,3800,439,588,175,57,15,0.115526316,0.154736842,0.046052632,0.015,0.003947368
53597,12280,1332,3920,1493,363,504,0.108469055,0.319218241,0.121579805,0.029560261,0.041042345
53598,1762,148,609,113,29,44,0.08399546,0.345629966,0.064131669,0.01645857,0.024971623
53599,31,0,0,0,0,0,0,0,0,0,0
53702,26,0,0,0,0,0,0,0,0,0,0
53703,14105,761,5487,2641,913,753,0.053952499,0.389010989,0.187238568,0.06472882,0.053385324
53704,32348,3629,8619,3721,879,668,0.112186225,0.266446148,0.115030296,0.027173241,0.020650427
53705,18444,962,5758,4023,1410,2919,0.052157883,0.312188245,0.218119714,0.076447625,0.15826285
53706,26,0,11,10,0,0,0,0.423076923,0.384615385,0,0
53711,33273,2517,10828,5658,1857,1874,0.075646921,0.325429027,0.170047786,0.055811018,0.056321943
53713,13801,1335,2701,982,205,176,0.096732121,0.195710456,0.071154264,0.014853996,0.012752699
53714,11970,1267,2685,910,197,78,0.105847953,0.224310777,0.076023392,0.016457811,0.006516291
53715,4238,311,1275,739,182,260,0.073383672,0.300849457,0.174374705,0.042944785,0.061349693
53716,13590,1653,3703,1536,380,212,0.121633554,0.272479765,0.113024283,0.027961737,0.015599706
53717,9322,458,3877,2022,637,410,0.049131088,0.415897876,0.216906243,0.068332976,0.043981978
53718,9562,1045,3484,1130,135,194,0.10928676,0.364358921,0.118176114,0.014118385,0.020288643
53719,21141,1967,8471,3014,626,693,0.093041956,0.400690601,0.142566577,0.029610709,0.032779906
53726,2390,50,690,581,424,440,0.020920502,0.288702929,0.243096234,0.177405858,0.184100418
53801,642,79,60,19,3,2,0.12305296,0.093457944,0.029595016,0.004672897,0.003115265
53802,24,0,0,0,0,0,0,0,0,0,0
53803,870,131,83,59,3,0,0.150574713,0.095402299,0.067816092,0.003448276,0
53804,895,129,58,23,3,0,0.144134078,0.064804469,0.025698324,0.003351955,0
53805,3723,521,404,160,33,6,0.139940908,0.108514639,0.042976095,0.00886382,0.001611604
53806,1248,183,116,39,3,6,0.146634615,0.092948718,0.03125,0.002403846,0.004807692
53807,3229,497,581,180,11,4,0.153917622,0.179931867,0.055744813,0.003406627,0.001238774
53808,812,122,97,17,0,3,0.150246305,0.119458128,0.020935961,0,0.003694581
53809,2648,391,329,114,29,11,0.14765861,0.124244713,0.04305136,0.010951662,0.004154079
53810,264,26,29,5,5,0,0.098484848,0.109848485,0.018939394,0.018939394,0
53811,2331,261,390,208,13,49,0.111969112,0.167310167,0.089232089,0.005577006,0.021021021
53813,3992,493,451,209,60,27,0.123496994,0.112975952,0.052354709,0.01503006,0.006763527
53816,487,72,43,13,1,2,0.147843943,0.088295688,0.026694045,0.002053388,0.004106776
53817,101,17,21,2,0,0,0.168316832,0.207920792,0.01980198,0,0
53818,7537,563,1334,767,138,197,0.074698156,0.176993499,0.101764628,0.018309672,0.026137721
53820,1661,231,225,70,8,7,0.139072848,0.135460566,0.042143287,0.004816376,0.004214329
53821,5961,669,729,245,33,30,0.112229492,0.122294917,0.041100486,0.005535984,0.005032713
53825,308,39,48,7,0,0,0.126623377,0.155844156,0.022727273,0,0
53826,776,108,71,29,0,3,0.139175258,0.091494845,0.037371134,0,0.003865979
53827,179,24,13,6,0,0,0.134078212,0.072625698,0.033519553,0,0
53901,10465,1139,1216,391,86,48,0.108838987,0.116196847,0.037362637,0.008217869,0.004586718
53910,2395,176,156,67,8,0,0.07348643,0.065135699,0.027974948,0.003340292,0
53911,887,123,153,32,4,12,0.138669673,0.172491545,0.036076663,0.004509583,0.013528749
53913,14177,1479,2465,763,211,121,0.104323905,0.173873175,0.053819567,0.014883262,0.008534951
53916,15829,1781,1968,745,173,106,0.112515004,0.124328764,0.047065513,0.010929307,0.00669657
53919,1848,195,244,62,4,4,0.105519481,0.132034632,0.033549784,0.002164502,0.002164502
53920,321,40,41,5,0,0,0.124610592,0.127725857,0.015576324,0,0
53922,656,93,67,8,4,0,0.141768293,0.102134146,0.012195122,0.006097561,0
53923,1298,119,135,42,7,4,0.091679507,0.104006163,0.032357473,0.005392912,0.003081664
53924,1001,96,86,32,12,0,0.095904096,0.085914086,0.031968032,0.011988012,0
53925,5488,644,1104,297,101,84,0.117346939,0.201166181,0.054118076,0.01840379,0.015306122
53926,883,83,66,9,2,2,0.093997735,0.074745187,0.010192525,0.002265006,0.002265006
53928,78,12,5,0,0,0,0.153846154,0.064102564,0,0,0
53929,1865,162,219,64,12,7,0.086863271,0.117426273,0.034316354,0.006434316,0.003753351
53930,932,107,83,17,4,7,0.114806867,0.089055794,0.018240343,0.004291845,0.00751073
53931,160,14,23,2,0,0,0.0875,0.14375,0.0125,0,0
53932,1669,273,264,106,14,4,0.163571001,0.15817855,0.063511084,0.008388256,0.002396645
53933,3507,272,384,78,26,3,0.077559167,0.109495295,0.022241232,0.007413744,0.000855432
53934,3413,275,252,115,22,6,0.080574275,0.073835335,0.033694697,0.006445942,0.001757984
53935,207,28,28,5,0,0,0.1352657,0.1352657,0.024154589,0,0
53936,2055,165,89,23,11,0,0.080291971,0.043309002,0.011192214,0.005352798,0
53937,652,71,74,18,2,3,0.108895706,0.113496933,0.027607362,0.003067485,0.004601227
53939,188,34,15,1,0,0,0.180851064,0.079787234,0.005319149,0,0
53941,2110,170,284,84,15,10,0.08056872,0.134597156,0.039810427,0.007109005,0.004739336
53943,721,93,60,20,10,2,0.128987517,0.083217753,0.027739251,0.013869626,0.002773925
53944,1465,146,145,32,8,4,0.099658703,0.098976109,0.021843003,0.005460751,0.002730375
53946,3117,304,390,107,13,18,0.097529676,0.125120308,0.034327879,0.004170677,0.005774783
53947,113,11,3,0,0,0,0.097345133,0.026548673,0,0,0
53948,5976,607,648,178,20,34,0.101572959,0.108433735,0.02978581,0.00334672,0.005689424
53949,4588,444,459,106,13,11,0.096774194,0.100043592,0.023103749,0.002833479,0.002397559
53950,4315,465,409,110,50,16,0.107763615,0.094785632,0.025492468,0.011587486,0.003707995
53951,1625,191,156,58,13,9,0.117538462,0.096,0.035692308,0.008,0.005538462
53952,2509,260,186,45,20,19,0.103626943,0.074133121,0.017935432,0.007971303,0.007572738
53953,146,13,3,0,0,0,0.089041096,0.020547945,0,0,0
53954,4867,511,702,145,54,25,0.104992809,0.144236696,0.02979248,0.01109513,0.005136634
53955,4095,604,703,234,37,18,0.147496947,0.171672772,0.057142857,0.009035409,0.004395604
53956,2264,215,218,58,3,0,0.094964664,0.096289753,0.025618375,0.001325088,0
53959,9261,891,1278,503,64,47,0.096209913,0.137998056,0.054313789,0.006910701,0.005075046
53960,2499,332,356,74,29,2,0.132853141,0.142456983,0.029611845,0.011604642,0.00080032
53961,587,63,68,35,9,0,0.107325383,0.115843271,0.059625213,0.015332198,0
53963,9983,964,1048,223,96,96,0.096564159,0.104978463,0.022337975,0.009616348,0.009616348
53964,2520,298,239,115,16,8,0.118253968,0.09484127,0.045634921,0.006349206,0.003174603
53965,7431,878,983,386,96,29,0.118153681,0.132283676,0.051944557,0.012918853,0.00390257
53968,1632,136,129,71,7,8,0.083333333,0.079044118,0.043504902,0.004289216,0.004901961
53969,302,24,19,11,0,0,0.079470199,0.062913907,0.036423841,0,0
54001,5523,600,811,252,99,23,0.108636611,0.146840485,0.045627376,0.017925041,0.004164403
54002,4320,739,631,149,67,27,0.171064815,0.146064815,0.034490741,0.015509259,0.00625
54003,639,89,108,23,8,3,0.139280125,0.169014085,0.03599374,0.012519562,0.004694836
54004,1644,189,180,65,0,2,0.114963504,0.109489051,0.039537713,0,0.001216545
54005,2152,245,191,53,20,3,0.113847584,0.088754647,0.024628253,0.00929368,0.001394052
54006,508,68,53,10,3,0,0.133858268,0.104330709,0.019685039,0.005905512,0
54007,819,141,103,24,2,0,0.172161172,0.125763126,0.029304029,0.002442002,0
54009,1728,221,288,106,17,3,0.127893519,0.166666667,0.061342593,0.009837963,0.001736111
54010,34,0,0,0,0,0,0,0,0,0,0
54011,4600,582,623,187,40,18,0.126521739,0.135434783,0.040652174,0.008695652,0.003913043
54013,2294,300,334,87,4,0,0.130775937,0.14559721,0.037925022,0.001743679,0
54014,1535,158,230,70,4,0,0.102931596,0.149837134,0.045602606,0.002605863,0
54015,2247,376,486,114,16,8,0.167334223,0.216288385,0.050734312,0.007120605,0.003560303
54016,21157,2617,6798,2212,507,356,0.123694286,0.321312095,0.104551685,0.0239637,0.016826582
54017,11449,1781,2299,442,117,70,0.155559438,0.200803564,0.038605992,0.010219233,0.006114071
54020,4698,682,825,275,90,20,0.145168157,0.175606641,0.058535547,0.019157088,0.004257131
54021,4505,678,763,327,20,61,0.150499445,0.16936737,0.072586016,0.004439512,0.013540511
54022,13213,1443,3544,1396,180,305,0.109210626,0.268220692,0.105653523,0.013622947,0.023083327
54023,2673,429,590,177,20,31,0.160493827,0.220725776,0.066217733,0.00748223,0.011597456
54024,3458,382,422,232,62,26,0.110468479,0.122035859,0.067090804,0.017929439,0.007518797
54025,4710,705,901,279,43,21,0.149681529,0.191295117,0.059235669,0.009129512,0.004458599
54026,1332,207,247,48,2,0,0.155405405,0.185435435,0.036036036,0.001501502,0
54027,711,100,98,28,1,10,0.140646976,0.137834037,0.039381153,0.00140647,0.014064698
54028,1572,189,207,70,8,9,0.120229008,0.131679389,0.044529262,0.005089059,0.005725191
54082,1040,99,222,151,33,25,0.095192308,0.213461538,0.145192308,0.031730769,0.024038462
54101,1921,275,232,73,6,2,0.143154607,0.120770432,0.038001041,0.003123373,0.001041124
54102,670,58,31,18,17,2,0.086567164,0.046268657,0.026865672,0.025373134,0.002985075
54103,392,45,15,21,4,2,0.114795918,0.038265306,0.053571429,0.010204082,0.005102041
54104,977,73,65,24,2,3,0.074718526,0.066530194,0.024564995,0.002047083,0.003070624
54106,3541,456,459,65,7,3,0.128777182,0.1296244,0.018356396,0.001976843,0.000847218
54107,2370,219,273,110,4,13,0.092405063,0.115189873,0.046413502,0.001687764,0.005485232
54110,3558,484,580,117,5,5,0.136031478,0.163012929,0.032883642,0.001405284,0.001405284
54111,1717,176,171,69,23,5,0.102504368,0.099592312,0.040186372,0.013395457,0.002912056
54112,1642,176,127,48,6,5,0.107186358,0.077344702,0.029232643,0.00365408,0.003045067
54113,2465,426,471,24,11,0,0.172819473,0.191075051,0.009736308,0.004462475,0
54114,3910,335,470,170,10,2,0.085677749,0.120204604,0.043478261,0.002557545,0.000511509
54115,28862,3996,7340,2544,699,227,0.138451944,0.25431363,0.08814358,0.024218696,0.007865013
54119,454,28,62,42,5,2,0.061674009,0.136563877,0.092511013,0.011013216,0.004405286
54120,201,11,9,2,0,0,0.054726368,0.044776119,0.009950249,0,0
54121,2429,216,362,90,23,5,0.088925484,0.149032524,0.037052285,0.009468917,0.00205846
54123,171,43,20,0,0,0,0.251461988,0.116959064,0,0,0
54124,2597,277,239,61,23,4,0.106661533,0.092029265,0.023488641,0.008856373,0.001540239
54125,431,48,51,2,0,0,0.11136891,0.118329466,0.004640371,0,0
54126,2534,325,283,91,0,16,0.128255722,0.111681137,0.035911602,0,0.006314128
54127,36,15,0,0,0,0,0.416666667,0,0,0,0
54128,1133,138,101,59,7,3,0.12180053,0.089143866,0.052074139,0.006178288,0.002647838
54129,2269,304,345,71,9,8,0.133979727,0.152049361,0.031291318,0.003966505,0.003525782
54130,17196,2404,2894,806,90,78,0.139799953,0.168294952,0.046871365,0.005233775,0.004535939
54135,1857,166,202,104,11,6,0.089391492,0.108777598,0.056004308,0.005923533,0.003231018
54136,4384,481,813,213,8,0,0.109717153,0.18544708,0.048585766,0.001824818,0
54137,786,95,112,18,0,4,0.12086514,0.142493639,0.022900763,0,0.005089059
54138,687,48,96,44,0,0,0.069868996,0.139737991,0.064046579,0,0
54139,2261,219,212,69,13,13,0.096859797,0.093763821,0.03051747,0.005749668,0.005749668
54140,6546,848,1056,273,25,47,0.12954476,0.16131989,0.041704858,0.003819126,0.007179957
54141,1628,177,267,31,15,0,0.108722359,0.164004914,0.019041769,0.009213759,0
54143,10702,989,1111,331,142,22,0.092412633,0.103812372,0.030928798,0.013268548,0.002055691
54149,1076,84,122,32,11,0,0.078066914,0.1133829,0.029739777,0.010223048,0
54150,667,98,45,6,0,8,0.146926537,0.067466267,0.008995502,0,0.011994003
54151,2454,288,280,46,2,6,0.117359413,0.11409943,0.018744906,0.000814996,0.002444988
54153,5112,524,594,210,15,19,0.102503912,0.116197183,0.041079812,0.002934272,0.003716745
54154,4091,396,463,194,46,13,0.096797849,0.113175263,0.047421168,0.011244195,0.003177707
54155,4438,498,1075,536,87,67,0.112212708,0.242226228,0.120775124,0.019603425,0.01509689
54156,1154,84,115,21,0,2,0.072790295,0.09965338,0.018197574,0,0.001733102
54157,4071,486,399,68,69,38,0.119380987,0.098010317,0.016703513,0.016949153,0.009334316
54159,1089,104,112,53,13,0,0.095500459,0.102846648,0.048668503,0.011937557,0
54160,184,16,21,4,1,0,0.086956522,0.114130435,0.02173913,0.005434783,0
54161,2124,187,177,64,7,16,0.088041431,0.083333333,0.030131827,0.003295669,0.007532957
54162,5795,833,988,301,34,6,0.143744607,0.170491803,0.051941329,0.005867127,0.001035375
54165,5281,745,643,305,53,13,0.141071767,0.121757243,0.057754213,0.010035978,0.002461655
54166,12118,1592,1227,647,171,106,0.131374814,0.101254332,0.053391649,0.014111239,0.008747318
54169,1943,271,595,245,22,32,0.139475039,0.306227483,0.12609367,0.011322697,0.016469377
54170,2386,271,279,92,7,3,0.113579212,0.116932104,0.038558256,0.00293378,0.001257334
54171,2463,285,469,215,14,14,0.115712546,0.190418189,0.08729192,0.005684125,0.005684125
54173,3008,446,820,140,30,64,0.148271277,0.272606383,0.046542553,0.009973404,0.021276596
54174,2212,207,160,60,7,6,0.09358047,0.072332731,0.027124774,0.003164557,0.002712477
54175,813,132,122,35,2,3,0.162361624,0.150061501,0.043050431,0.002460025,0.003690037
54177,2294,181,297,62,6,0,0.078901482,0.129468178,0.027027027,0.002615519,0
54180,2166,313,505,157,15,21,0.144506002,0.233148661,0.072483841,0.006925208,0.009695291
54201,3808,400,539,122,12,5,0.105042017,0.141544118,0.032037815,0.003151261,0.001313025
54202,1054,68,296,112,36,40,0.064516129,0.280834915,0.10626186,0.034155598,0.037950664
54204,1191,164,172,61,5,4,0.137699412,0.144416457,0.051217464,0.004198153,0.003358522
54205,1447,154,152,33,23,0,0.106427091,0.105044921,0.022805805,0.015894955,0
54207,123,10,2,7,0,0,0.081300813,0.016260163,0.056910569,0,0
54208,4188,608,653,158,41,16,0.145176695,0.155921681,0.037726839,0.009789876,0.003820439
54209,1090,118,289,98,25,14,0.108256881,0.265137615,0.089908257,0.02293578,0.012844037
54210,687,59,161,138,4,8,0.08588064,0.234352256,0.200873362,0.005822416,0.011644833
54211,245,18,114,40,0,1,0.073469388,0.465306122,0.163265306,0,0.004081633
54212,920,65,317,156,32,23,0.070652174,0.344565217,0.169565217,0.034782609,0.025
54213,921,83,84,13,8,11,0.090119435,0.091205212,0.014115092,0.008686211,0.01194354
54214,175,22,21,7,0,0,0.125714286,0.12,0.04,0,0
54216,4669,532,588,158,29,35,0.113943028,0.125937031,0.033840223,0.00621118,0.007496252
54217,4911,631,852,186,38,22,0.12848707,0.173488088,0.03787416,0.007737732,0.004479739
54220,27729,3018,4263,1432,329,93,0.108839121,0.153737964,0.051642685,0.011864835,0.003353889
54227,1112,139,141,30,5,3,0.125,0.126798561,0.026978417,0.004496403,0.002697842
54228,1895,230,188,70,9,0,0.121372032,0.099208443,0.036939314,0.00474934,0
54229,3272,363,432,254,34,3,0.11094132,0.13202934,0.077628362,0.010391198,0.00091687
54230,3233,413,378,122,22,7,0.127745128,0.11691927,0.037735849,0.006804825,0.002165172
54232,610,59,73,15,0,0,0.096721311,0.119672131,0.024590164,0,0
54234,1404,104,446,157,58,34,0.074074074,0.317663818,0.111823362,0.041310541,0.024216524
54235,12695,1199,2270,925,277,135,0.094446633,0.178810555,0.072863332,0.021819614,0.010634108
54241,10724,1231,1281,376,41,13,0.114789258,0.119451697,0.035061544,0.0038232,0.001212234
54245,1450,169,215,53,11,5,0.116551724,0.148275862,0.036551724,0.007586207,0.003448276
54246,699,42,174,103,28,28,0.060085837,0.248927039,0.147353362,0.040057225,0.040057225
54247,1650,213,237,77,0,4,0.129090909,0.143636364,0.046666667,0,0.002424242
54301,15664,1696,3612,1195,491,139,0.108273749,0.230592441,0.076289581,0.031345761,0.008873851
54302,19341,1971,2850,790,261,123,0.101907864,0.147355359,0.040845871,0.013494649,0.006359547
54303,18271,2001,2458,596,97,44,0.109517815,0.13453013,0.032619999,0.00530896,0.002408188
54304,19153,2663,3286,931,188,40,0.139038271,0.171565812,0.048608573,0.009815695,0.002088446
54307,847,0,0,0,0,0,0,0,0,0,0
54311,22632,2449,5585,1353,412,253,0.108209615,0.246774479,0.059782609,0.018204312,0.011178862
54313,26167,3778,6421,2115,450,132,0.144380326,0.245385409,0.080826996,0.017197233,0.005044522
54401,20957,2854,4111,1186,447,96,0.136183614,0.196163573,0.056592069,0.021329389,0.004580808
54403,17760,2149,3098,1435,412,84,0.121002252,0.174436937,0.08079955,0.023198198,0.00472973
54405,1918,146,177,37,2,1,0.076120959,0.092283629,0.019290928,0.001042753,0.000521376
54406,2289,310,488,158,31,26,0.135430319,0.213193534,0.069025775,0.013543032,0.011358672
54407,1102,105,247,72,18,22,0.095281307,0.224137931,0.065335753,0.016333938,0.019963702
54408,737,109,42,22,0,2,0.147896879,0.056987788,0.029850746,0,0.002713704
54409,9029,947,1006,377,150,9,0.104884262,0.111418762,0.041754347,0.016613135,0.000996788
54410,1590,173,211,62,9,9,0.108805031,0.132704403,0.038993711,0.005660377,0.005660377
54411,3500,344,342,117,22,4,0.098285714,0.097714286,0.033428571,0.006285714,0.001142857
54412,1440,156,166,48,10,9,0.108333333,0.115277778,0.033333333,0.006944444,0.00625
54413,111,18,9,0,2,0,0.162162162,0.081081081,0,0.018018018,0
54414,2331,261,234,82,15,13,0.111969112,0.1003861,0.035178035,0.006435006,0.005577006
54416,1247,97,86,38,7,2,0.077786688,0.068965517,0.030473136,0.005613472,0.001603849
54417,35,1,0,1,0,0,0.028571429,0,0.028571429,0,0
54418,715,79,59,30,3,1,0.11048951,0.082517483,0.041958042,0.004195804,0.001398601
54420,785,58,94,29,9,0,0.07388535,0.119745223,0.036942675,0.011464968,0
54421,2149,190,115,28,22,7,0.088413215,0.053513262,0.013029316,0.01023732,0.003257329
54422,706,32,38,6,2,0,0.045325779,0.053824363,0.008498584,0.002832861,0
54423,1610,186,295,55,46,5,0.11552795,0.183229814,0.034161491,0.028571429,0.00310559
54424,1280,127,166,83,20,7,0.09921875,0.1296875,0.06484375,0.015625,0.00546875
54425,1277,110,94,33,0,0,0.086139389,0.073610023,0.025841817,0,0
54426,2869,429,329,70,16,16,0.149529453,0.114674102,0.024398745,0.005576856,0.005576856
54427,827,91,77,11,0,3,0.110036276,0.093107618,0.013301088,0,0.00362757
54428,783,78,85,34,17,3,0.099616858,0.108556833,0.043422733,0.021711367,0.003831418
54430,109,21,14,5,0,0,0.19266055,0.128440367,0.04587156,0,0
54433,1212,99,116,37,3,5,0.081683168,0.095709571,0.030528053,0.002475248,0.004125413
54435,1578,178,170,42,7,8,0.112801014,0.107731305,0.02661597,0.004435995,0.005069708
54436,1352,111,110,24,4,1,0.082100592,0.081360947,0.017751479,0.00295858,0.000739645
54437,1912,159,171,61,11,4,0.083158996,0.089435146,0.031903766,0.005753138,0.00209205
54440,2158,268,250,85,14,0,0.124189064,0.115848007,0.039388323,0.006487488,0
54441,605,105,120,41,12,7,0.173553719,0.198347107,0.067768595,0.019834711,0.011570248
54442,726,89,87,28,6,0,0.122589532,0.119834711,0.038567493,0.008264463,0
54443,1575,203,221,45,10,11,0.128888889,0.14031746,0.028571429,0.006349206,0.006984127
54446,1892,155,160,49,17,0,0.08192389,0.084566596,0.02589852,0.008985201,0
54447,333,33,39,5,0,0,0.099099099,0.117117117,0.015015015,0,0
54448,3021,528,439,123,25,11,0.174776564,0.14531612,0.040714995,0.008275405,0.003641178
54449,18363,1945,2884,1217,833,400,0.105919512,0.157054947,0.066274574,0.045362958,0.021782933
54450,293,25,13,2,0,0,0.085324232,0.044368601,0.006825939,0,0
54451,8156,933,867,355,55,22,0.114394311,0.106302109,0.043526238,0.006743502,0.002697401
54452,13397,1671,1611,569,119,40,0.124729417,0.120250802,0.042472195,0.008882586,0.002985743
54454,909,82,84,12,2,3,0.090209021,0.092409241,0.01320132,0.00220022,0.00330033
54455,12303,1833,2272,716,135,43,0.148988052,0.184670406,0.058197188,0.010972933,0.003495083
54456,4294,507,376,118,29,15,0.118071728,0.087564043,0.027480205,0.00675361,0.003493246
54457,6001,595,614,213,80,36,0.099150142,0.102316281,0.035494084,0.013331111,0.005999
54458,57,6,14,2,0,0,0.105263158,0.245614035,0.035087719,0,0
54459,890,85,101,30,6,2,0.095505618,0.113483146,0.033707865,0.006741573,0.002247191
54460,1718,117,160,24,17,10,0.068102445,0.093131548,0.013969732,0.009895227,0.005820722
54462,283,30,7,11,0,0,0.106007067,0.024734982,0.038869258,0,0
54463,502,44,59,19,0,2,0.087649402,0.11752988,0.037848606,0,0.003984064
54465,496,68,32,8,0,0,0.137096774,0.064516129,0.016129032,0,0
54466,2015,224,235,77,14,4,0.111166253,0.11662531,0.0382134,0.006947891,0.001985112
54467,9206,888,2241,589,145,94,0.096458831,0.243428199,0.063980013,0.015750597,0.010210732
54469,1165,147,153,107,9,17,0.126180258,0.131330472,0.091845494,0.007725322,0.014592275
54470,1438,131,150,51,5,4,0.091098748,0.104311544,0.035465925,0.003477051,0.002781641
54471,1315,214,200,68,16,19,0.162737643,0.152091255,0.051711027,0.0121673,0.014448669
54473,1923,157,197,51,7,14,0.081643266,0.102444098,0.026521061,0.003640146,0.007280291
54474,2664,373,530,154,21,0,0.140015015,0.198948949,0.057807808,0.007882883,0
54475,1168,206,118,31,3,7,0.176369863,0.101027397,0.026541096,0.002568493,0.005993151
54476,12547,1555,2219,810,231,99,0.123934008,0.176855025,0.064557265,0.018410775,0.007890332
54479,2464,236,253,84,26,0,0.095779221,0.102678571,0.034090909,0.010551948,0
54480,839,76,64,32,0,0,0.090584029,0.076281287,0.038140644,0,0
54481,16335,1347,3974,1347,330,430,0.082460973,0.243281298,0.082460973,0.02020202,0.026323845
54482,6733,852,1395,495,37,173,0.126540918,0.207188475,0.073518491,0.005495322,0.025694341
54484,3351,430,439,121,29,9,0.128319905,0.13100567,0.036108624,0.008654133,0.002685765
54485,271,23,34,14,0,3,0.084870849,0.125461255,0.051660517,0,0.011070111
54486,1671,148,177,39,4,1,0.088569719,0.105924596,0.023339318,0.002393776,0.000598444
54487,7478,865,981,290,71,50,0.11567264,0.131184809,0.038780423,0.009494517,0.00668628
54488,780,59,57,16,5,0,0.075641026,0.073076923,0.020512821,0.006410256,0
54489,1076,151,103,41,14,0,0.140334572,0.095724907,0.038104089,0.013011152,0
54490,594,57,67,16,2,0,0.095959596,0.112794613,0.026936027,0.003367003,0
54491,1224,108,119,39,4,0,0.088235294,0.097222222,0.031862745,0.003267974,0
54493,474,26,40,13,5,3,0.054852321,0.084388186,0.02742616,0.010548523,0.006329114
54494,19353,2728,2701,1040,206,99,0.140960058,0.139564925,0.053738438,0.010644345,0.005115486
54495,5268,709,527,138,10,7,0.134586181,0.100037965,0.0261959,0.001898254,0.001328778
54498,1464,115,78,25,3,1,0.078551913,0.053278689,0.017076503,0.00204918,0.00068306
54499,2110,185,211,101,4,6,0.087677725,0.1,0.047867299,0.001895735,0.002843602
54501,14612,1614,2494,939,251,107,0.110457158,0.170681632,0.06426225,0.017177662,0.007322748
54511,936,112,96,26,5,4,0.11965812,0.102564103,0.027777778,0.00534188,0.004273504
54512,702,26,162,81,3,16,0.037037037,0.230769231,0.115384615,0.004273504,0.022792023
54513,342,39,34,9,0,0,0.114035088,0.099415205,0.026315789,0,0
54514,1459,174,182,35,3,9,0.119259767,0.124742975,0.023989034,0.002056203,0.006168609
54515,353,27,33,3,2,0,0.076487252,0.093484419,0.008498584,0.005665722,0
54517,81,5,6,3,0,0,0.061728395,0.074074074,0.037037037,0,0
54519,1034,92,166,57,12,21,0.088974855,0.160541586,0.055125725,0.011605416,0.020309478
54520,2921,332,229,128,44,7,0.113659706,0.078397809,0.043820609,0.015063334,0.00239644
54521,6101,590,1135,403,32,34,0.096705458,0.186035076,0.066054745,0.005245042,0.005572857
54524,526,62,72,34,0,0,0.117870722,0.136882129,0.064638783,0,0
54525,167,22,18,3,0,0,0.131736527,0.107784431,0.017964072,0,0
54526,575,55,67,6,1,0,0.095652174,0.116521739,0.010434783,0.00173913,0
54527,743,62,55,24,9,0,0.083445491,0.074024226,0.03230148,0.012113055,0
54529,919,101,145,50,14,3,0.109902067,0.157780196,0.054406964,0.01523395,0.003264418
54530,646,63,46,9,0,0,0.09752322,0.07120743,0.013931889,0,0
54531,1102,105,237,89,17,6,0.095281307,0.215063521,0.08076225,0.015426497,0.005444646
54534,1801,234,241,72,15,3,0.129927818,0.133814547,0.03997779,0.008328706,0.001665741
54536,150,28,22,0,0,0,0.186666667,0.146666667,0,0,0
54537,352,50,35,5,1,0,0.142045455,0.099431818,0.014204545,0.002840909,0
54538,2165,125,340,172,29,8,0.057736721,0.15704388,0.079445727,0.013394919,0.00369515
54539,1063,34,160,65,41,15,0.031984948,0.150517404,0.061147695,0.038570085,0.014111007
54540,731,73,152,39,10,7,0.099863201,0.207934337,0.053351573,0.013679891,0.009575923
54541,821,85,86,40,13,2,0.103532278,0.104750305,0.048721072,0.015834348,0.002436054
54542,332,18,16,3,0,0,0.054216867,0.048192771,0.009036145,0,0
54545,773,49,173,96,35,11,0.063389392,0.223803364,0.124191462,0.045278137,0.014230272
54546,911,127,98,33,3,0,0.139407245,0.107574094,0.03622393,0.003293085,0
54547,1215,163,156,74,15,9,0.134156379,0.128395062,0.06090535,0.012345679,0.007407407
54548,3881,351,803,395,115,69,0.090440608,0.206905437,0.101777892,0.029631538,0.017778923
54550,448,69,82,31,0,2,0.154017857,0.183035714,0.069196429,0,0.004464286
54552,3246,357,392,115,35,20,0.109981516,0.120764017,0.035428219,0.010782502,0.006161429
54554,839,80,137,19,21,18,0.095351609,0.163289631,0.022646007,0.025029797,0.021454112
54555,3637,404,528,153,18,12,0.111080561,0.145174594,0.042067638,0.004949134,0.003299423
54556,879,69,72,16,3,0,0.078498294,0.081911263,0.018202503,0.003412969,0
54557,787,60,169,93,24,22,0.076238882,0.214739517,0.118170267,0.030495553,0.027954257
54558,1572,303,236,118,28,4,0.192748092,0.150127226,0.075063613,0.017811705,0.002544529
54559,538,71,37,13,6,2,0.13197026,0.068773234,0.024163569,0.011152416,0.003717472
54560,475,57,87,17,19,0,0.12,0.183157895,0.035789474,0.04,0
54561,6,0,0,0,0,0,0,0,0,0,0
54562,1535,161,386,156,15,16,0.104885993,0.251465798,0.101628664,0.009771987,0.010423453
54563,531,67,72,21,9,1,0.126177024,0.13559322,0.039548023,0.016949153,0.001883239
54564,329,19,19,5,0,0,0.05775076,0.05775076,0.015197568,0,0
54565,45,11,4,8,0,0,0.244444444,0.088888889,0.177777778,0,0
54566,931,87,89,39,4,2,0.093447905,0.095596133,0.04189044,0.004296455,0.002148228
54568,3552,323,640,205,52,5,0.090934685,0.18018018,0.057713964,0.01463964,0.001407658
54601,28741,3777,6828,2589,793,826,0.131415052,0.237570022,0.090080373,0.027591246,0.028739431
54603,9835,1344,1621,502,36,47,0.136654804,0.164819522,0.051042196,0.003660397,0.004778851
54610,1202,129,157,62,8,9,0.107321131,0.130615641,0.051580699,0.006655574,0.007487521
54611,827,62,105,24,13,5,0.07496977,0.126964933,0.029020556,0.015719468,0.006045949
54612,3271,299,474,159,21,2,0.091409355,0.144909814,0.048608988,0.006420055,0.000611434
54613,1407,122,109,34,6,4,0.086709311,0.077469794,0.02416489,0.004264392,0.002842928
54614,1944,268,264,80,19,2,0.137860082,0.135802469,0.041152263,0.009773663,0.001028807
54615,7686,731,672,316,66,35,0.095107989,0.087431694,0.041113713,0.008587041,0.004553734
54616,1684,119,177,38,12,9,0.070665083,0.105106888,0.022565321,0.007125891,0.005344418
54618,1479,159,145,48,2,3,0.107505071,0.098039216,0.032454361,0.001352265,0.002028398
54619,2085,214,221,80,17,9,0.10263789,0.105995204,0.038369305,0.008153477,0.004316547
54621,889,154,122,24,19,20,0.173228346,0.137232846,0.026996625,0.021372328,0.022497188
54622,1503,160,240,66,6,9,0.106453759,0.159680639,0.043912176,0.003992016,0.005988024
54623,1399,178,248,109,9,23,0.127233738,0.177269478,0.077912795,0.006433167,0.016440315
54624,1106,151,125,41,8,1,0.136528029,0.113019892,0.037070524,0.007233273,0.000904159
54625,181,25,15,0,0,0,0.138121547,0.082872928,0,0,0
54626,918,104,120,28,17,2,0.11328976,0.130718954,0.030501089,0.018518519,0.002178649
54627,1261,129,148,83,8,3,0.102299762,0.117367169,0.065820777,0.006344171,0.002379064
54628,793,77,75,36,5,2,0.097099622,0.094577554,0.045397226,0.00630517,0.002522068
54629,1875,218,247,108,15,17,0.116266667,0.131733333,0.0576,0.008,0.009066667
54630,2748,402,470,148,23,14,0.14628821,0.171033479,0.053857351,0.008369723,0.005094614
54631,1219,150,151,80,11,2,0.123051682,0.123872026,0.065627564,0.00902379,0.001640689
54632,814,104,110,57,15,12,0.127764128,0.135135135,0.07002457,0.018427518,0.014742015
54634,2829,327,297,110,24,12,0.115588547,0.104984093,0.038882998,0.008483563,0.004241782
54635,1329,138,125,46,5,0,0.103837472,0.094055681,0.034612491,0.003762227,0
54636,9568,1511,1842,714,117,81,0.157922241,0.192516722,0.074623746,0.012228261,0.008465719
54637,135,16,22,10,0,0,0.118518519,0.162962963,0.074074074,0,0
54638,1019,70,98,28,5,0,0.068694799,0.096172718,0.02747792,0.004906771,0
54639,1686,131,218,99,13,12,0.077698695,0.129300119,0.058718861,0.007710558,0.007117438
54641,3,0,1,0,0,0,0,0.333333333,0,0,0
54642,1366,153,166,72,6,4,0.112005857,0.121522694,0.052708638,0.004392387,0.002928258
54644,1049,164,122,56,7,6,0.156339371,0.116301239,0.053384175,0.006673022,0.005719733
54645,35,3,8,3,0,0,0.085714286,0.228571429,0.085714286,0,0
54646,2952,250,186,76,7,22,0.084688347,0.06300813,0.025745257,0.002371274,0.007452575
54648,1007,60,77,23,8,2,0.05958292,0.076464747,0.022840119,0.007944389,0.001986097
54650,16450,2383,3534,1596,551,203,0.144863222,0.214832827,0.097021277,0.033495441,0.012340426
54651,885,96,80,36,7,4,0.108474576,0.09039548,0.040677966,0.007909605,0.004519774
54652,647,44,76,53,2,7,0.068006182,0.117465224,0.081916538,0.00309119,0.010819165
54653,533,88,61,13,3,0,0.165103189,0.114446529,0.024390244,0.005628518,0
54654,67,14,4,0,0,0,0.208955224,0.059701493,0,0,0
54655,1294,94,136,51,12,13,0.072642968,0.105100464,0.039412674,0.00927357,0.010046368
54656,12339,1492,1815,580,175,70,0.120917416,0.147094578,0.04700543,0.014182673,0.005673069
54657,247,40,19,8,3,4,0.16194332,0.076923077,0.032388664,0.012145749,0.016194332
54658,1775,229,287,92,15,5,0.129014085,0.161690141,0.051830986,0.008450704,0.002816901
54659,928,104,55,39,0,0,0.112068966,0.059267241,0.042025862,0,0
54660,10903,968,1641,417,123,59,0.088782904,0.150509034,0.038246354,0.011281299,0.005411355
54661,2575,386,477,156,41,11,0.149902913,0.185242718,0.060582524,0.01592233,0.004271845
54664,1133,98,121,49,8,30,0.086496028,0.106796117,0.043248014,0.0070609,0.026478376
54665,5878,580,941,374,75,54,0.098673018,0.160088465,0.063627084,0.012759442,0.009186798
54666,1867,199,189,72,10,5,0.106588109,0.101231923,0.038564542,0.005356186,0.002678093
54667,3169,444,495,180,42,4,0.140107289,0.156200694,0.056800252,0.013253392,0.001262228
54669,5608,666,1243,537,99,39,0.118758916,0.221647646,0.095756063,0.017653352,0.006954351
54670,1030,93,79,21,5,8,0.090291262,0.076699029,0.02038835,0.004854369,0.00776699
54701,24824,2977,5748,2634,643,406,0.119924267,0.231550113,0.106106993,0.025902353,0.01635514
54703,26833,4297,5101,1543,173,193,0.160138635,0.19010174,0.05750382,0.006447285,0.007192636
54720,5101,1024,916,303,192,169,0.200744952,0.179572633,0.059400118,0.037639678,0.033130759
54721,956,123,83,31,5,2,0.128661088,0.086820084,0.032426778,0.005230126,0.00209205
54722,2670,336,186,94,14,11,0.125842697,0.069662921,0.035205993,0.005243446,0.00411985
54723,889,92,100,35,7,4,0.103487064,0.112485939,0.039370079,0.007874016,0.004499438
54724,5233,741,714,196,37,5,0.141601376,0.136441812,0.037454615,0.007070514,0.000955475
54725,1932,225,261,69,6,5,0.116459627,0.135093168,0.035714286,0.00310559,0.002587992
54726,1156,135,76,36,2,1,0.116782007,0.065743945,0.031141869,0.001730104,0.000865052
54727,3349,494,364,126,38,3,0.147506718,0.108689161,0.037623171,0.011346671,0.00089579
54728,4582,634,576,203,31,23,0.138367525,0.125709297,0.044303797,0.006765605,0.005019642
54729,22776,3925,3941,1123,232,280,0.172330523,0.173033017,0.049306287,0.010186161,0.012293642
54730,3471,420,578,269,43,42,0.121002593,0.166522616,0.07749928,0.012388361,0.012100259
54731,415,45,21,3,6,2,0.108433735,0.05060241,0.007228916,0.014457831,0.004819277
54732,2052,258,209,52,5,2,0.125730994,0.101851852,0.025341131,0.002436647,0.000974659
54733,952,135,84,26,8,2,0.141806723,0.088235294,0.027310924,0.008403361,0.00210084
54734,617,65,95,4,2,3,0.10534846,0.153970827,0.006482982,0.003241491,0.004862237
54736,2849,366,335,121,38,9,0.128466128,0.117585118,0.042471042,0.013338013,0.003159003
54737,398,54,63,23,0,0,0.135678392,0.158291457,0.057788945,0,0
54738,2217,378,318,152,32,26,0.170500677,0.143437077,0.068561119,0.01443392,0.01172756
54739,3393,594,608,133,25,14,0.175066313,0.179192455,0.03919835,0.007368111,0.004126142
54740,1381,159,151,56,6,6,0.115133961,0.109341057,0.040550326,0.004344678,0.004344678
54741,1161,75,81,26,7,0,0.064599483,0.069767442,0.022394488,0.006029285,0
54742,3104,482,505,178,55,17,0.155283505,0.162693299,0.057345361,0.017719072,0.005476804
54745,1447,158,171,29,2,7,0.109191431,0.118175536,0.020041465,0.00138217,0.004837595
54746,532,72,34,17,3,2,0.135338346,0.063909774,0.031954887,0.005639098,0.003759398
54747,1783,192,169,41,6,2,0.107683679,0.094784072,0.022994952,0.003365115,0.001121705
54748,923,95,124,21,5,20,0.102925244,0.134344529,0.022751896,0.005417118,0.021668472
54749,907,91,96,33,11,15,0.100330761,0.10584344,0.036383682,0.012127894,0.016538037
54750,723,77,97,23,8,4,0.106500692,0.134163209,0.031811895,0.011065007,0.005532503
54751,14143,1544,2847,1283,242,343,0.109170614,0.201300997,0.090716255,0.017110938,0.02425228
54754,1243,124,81,45,3,3,0.099758648,0.065164924,0.036202735,0.002413516,0.002413516
54755,5002,746,570,195,36,34,0.149140344,0.113954418,0.038984406,0.007197121,0.006797281
54756,654,52,89,31,3,1,0.079510703,0.136085627,0.047400612,0.004587156,0.001529052
54757,2375,232,320,132,27,46,0.097684211,0.134736842,0.055578947,0.011368421,0.019368421
54758,3130,366,406,173,20,33,0.116932907,0.12971246,0.055271565,0.006389776,0.010543131
54759,1104,92,157,53,6,3,0.083333333,0.142210145,0.048007246,0.005434783,0.002717391
54760,210,9,37,13,0,0,0.042857143,0.176190476,0.061904762,0,0
54761,799,58,87,42,0,3,0.072590738,0.108886108,0.052565707,0,0.003754693
54762,910,116,112,22,3,2,0.127472527,0.123076923,0.024175824,0.003296703,0.002197802
54763,822,122,81,26,5,6,0.148418491,0.098540146,0.03163017,0.006082725,0.00729927
54765,4,0,0,0,0,0,0,0,0,0,0
54766,1031,92,91,21,0,5,0.089233754,0.088263822,0.020368574,0,0.004849661
54767,2439,322,412,106,24,21,0.13202132,0.168921689,0.043460435,0.009840098,0.008610086
54768,4384,588,306,88,22,2,0.134124088,0.06979927,0.020072993,0.005018248,0.000456204
54769,514,46,103,40,14,7,0.089494163,0.200389105,0.077821012,0.027237354,0.013618677
54770,1449,238,169,57,9,11,0.164251208,0.11663216,0.039337474,0.00621118,0.007591442
54771,2620,261,178,72,3,9,0.099618321,0.067938931,0.027480916,0.001145038,0.003435115
54772,711,90,80,44,0,2,0.126582278,0.112517581,0.061884669,0,0.00281294
54773,2391,283,296,98,5,14,0.118360519,0.123797574,0.040987035,0.002091175,0.005855291
54801,4879,627,830,297,38,30,0.128509941,0.170116827,0.06087313,0.007788481,0.006148801
54805,903,86,94,6,4,0,0.095238095,0.104097453,0.006644518,0.004429679,0
54806,7772,1122,1176,552,205,69,0.144364385,0.151312403,0.071024189,0.026376737,0.008878024
54810,1689,198,202,90,18,3,0.11722913,0.119597395,0.053285968,0.010657194,0.001776199
54812,3646,376,413,96,32,6,0.103126714,0.113274822,0.026330225,0.008776742,0.001645639
54813,465,85,24,10,4,2,0.182795699,0.051612903,0.021505376,0.008602151,0.004301075
54814,1893,205,385,117,39,24,0.108293714,0.203380877,0.061806656,0.020602219,0.012678288
54817,1760,214,267,103,34,8,0.121590909,0.151704545,0.058522727,0.019318182,0.004545455
54819,1771,236,151,55,11,3,0.133258046,0.085262564,0.031055901,0.00621118,0.001693958
54820,552,67,93,20,2,3,0.121376812,0.168478261,0.036231884,0.003623188,0.005434783
54821,1051,107,210,89,24,4,0.101807802,0.199809705,0.084681256,0.022835395,0.003805899
54822,3158,547,365,185,34,3,0.173210893,0.115579481,0.058581381,0.010766308,0.000949968
54824,1578,197,155,42,3,0,0.124841572,0.098225602,0.02661597,0.001901141,0
54826,565,88,57,25,0,6,0.155752212,0.100884956,0.044247788,0,0.010619469
54827,217,21,56,30,2,5,0.096774194,0.258064516,0.138248848,0.00921659,0.023041475
54828,502,41,44,32,8,6,0.081673307,0.087649402,0.06374502,0.015936255,0.011952191
54829,3851,397,650,198,74,32,0.103090106,0.168787328,0.051415217,0.019215788,0.00830953
54830,2425,241,305,148,28,11,0.099381443,0.125773196,0.061030928,0.011546392,0.004536082
54832,297,24,61,22,0,2,0.080808081,0.205387205,0.074074074,0,0.006734007
54835,721,76,70,10,0,0,0.105409154,0.097087379,0.013869626,0,0
54836,714,75,92,32,0,6,0.105042017,0.128851541,0.044817927,0,0.008403361
54837,2707,285,330,115,18,11,0.105282601,0.121906169,0.042482453,0.006649427,0.004063539
54838,1006,112,124,47,15,11,0.111332008,0.123260437,0.046719682,0.014910537,0.010934394
54839,185,30,13,8,6,0,0.162162162,0.07027027,0.043243243,0.032432432,0
54840,3186,391,361,155,21,34,0.122724419,0.113308223,0.048650345,0.006591337,0.010671689
54841,238,36,22,10,2,0,0.151260504,0.092436975,0.042016807,0.008403361,0
54842,94,31,17,0,0,0,0.329787234,0.180851064,0,0,0
54843,8304,1097,1324,513,166,78,0.13210501,0.159441233,0.061777457,0.019990366,0.009393064
54844,233,33,41,39,2,12,0.141630901,0.175965665,0.167381974,0.008583691,0.051502146
54845,95,16,6,0,0,0,0.168421053,0.063157895,0,0,0
54846,367,39,55,17,3,0,0.10626703,0.14986376,0.046321526,0.008174387,0
54847,1720,221,227,141,17,9,0.128488372,0.131976744,0.081976744,0.009883721,0.005232558
54848,4242,423,441,190,51,16,0.099717115,0.103960396,0.044790193,0.012022631,0.003771806
54849,1460,176,324,170,21,12,0.120547945,0.221917808,0.116438356,0.014383562,0.008219178
54850,141,8,53,22,3,2,0.056737589,0.375886525,0.156028369,0.021276596,0.014184397
54853,3160,362,439,131,22,3,0.114556962,0.138924051,0.041455696,0.006962025,0.000949367
54854,703,105,145,30,13,0,0.149359886,0.20625889,0.042674253,0.018492176,0
54855,468,65,51,19,4,0,0.138888889,0.108974359,0.040598291,0.008547009,0
54856,1144,188,157,40,9,7,0.164335664,0.137237762,0.034965035,0.007867133,0.006118881
54857,30,0,18,0,0,0,0,0.6,0,0,0
54858,1187,98,142,36,8,3,0.082561078,0.119629318,0.030328559,0.00673968,0.00252738
54859,1333,132,136,93,16,5,0.099024756,0.102025506,0.069767442,0.012003001,0.003750938
54861,92,3,11,0,0,0,0.032608696,0.119565217,0,0,0
54862,192,20,14,6,0,0,0.104166667,0.072916667,0.03125,0,0
54864,958,101,208,66,5,5,0.105427975,0.217118998,0.068893528,0.005219207,0.005219207
54865,390,35,69,42,6,2,0.08974359,0.176923077,0.107692308,0.015384615,0.005128205
54867,252,25,11,10,0,0,0.099206349,0.043650794,0.03968254,0,0
54868,10863,1553,1443,596,309,99,0.142962349,0.132836233,0.054865139,0.028445181,0.009113505
54870,1259,168,218,82,21,12,0.133439237,0.173153296,0.065131056,0.016679905,0.009531374
54871,2156,277,296,102,18,7,0.128478664,0.13729128,0.047309833,0.008348794,0.003246753
54872,1920,189,235,67,2,2,0.0984375,0.122395833,0.034895833,0.001041667,0.001041667
54873,2254,307,386,142,27,19,0.136202307,0.171251109,0.062999113,0.011978705,0.008429459
54874,2707,403,437,127,32,25,0.148873291,0.161433321,0.046915405,0.011821204,0.009235316
54875,838,103,83,31,4,4,0.122911695,0.099045346,0.03699284,0.00477327,0.00477327
54876,1048,83,187,49,12,4,0.079198473,0.178435115,0.046755725,0.011450382,0.003816794
54880,20785,2420,3384,1123,241,105,0.116430118,0.162809719,0.054029348,0.0115949,0.00505172
54888,1020,147,102,44,17,8,0.144117647,0.1,0.043137255,0.016666667,0.007843137
54889,1800,180,213,80,10,12,0.1,0.118333333,0.044444444,0.005555556,0.006666667
54891,2461,271,673,302,71,44,0.110117838,0.273466071,0.122714344,0.028850061,0.017878911
54893,2727,248,367,130,19,16,0.090942428,0.134580125,0.047671434,0.006967363,0.005867253
54895,708,62,85,22,26,4,0.087570621,0.120056497,0.031073446,0.036723164,0.005649718
54896,1229,134,102,62,1,4,0.109031733,0.082994304,0.050447518,0.00081367,0.003254679
54901,22314,1944,3699,1226,238,230,0.087120194,0.165770368,0.054943085,0.01066595,0.01030743
54902,15361,1626,2638,554,154,81,0.105852484,0.171733611,0.03606536,0.010025389,0.005273094
54904,15545,1549,4283,1280,218,176,0.099646188,0.275522676,0.082341589,0.014023802,0.011321968
54909,1417,158,222,49,7,10,0.111503176,0.156669019,0.034580099,0.004940014,0.007057163
54911,17271,1734,3586,1111,221,240,0.100399514,0.207631289,0.064327485,0.012796016,0.013896126
54913,13529,1534,4044,1659,468,164,0.11338606,0.298913445,0.122625471,0.034592357,0.012122108
54914,21175,2612,4143,1176,285,64,0.123353011,0.195655254,0.05553719,0.013459268,0.003022432
54915,28169,3396,6922,2082,371,168,0.12055806,0.245731123,0.073911037,0.013170507,0.005964003
54921,768,57,67,20,2,6,0.07421875,0.087239583,0.026041667,0.002604167,0.0078125
54922,1018,120,47,37,4,0,0.117878193,0.046168959,0.036345776,0.003929273,0
54923,6146,559,681,209,71,50,0.090953466,0.110803775,0.034005857,0.011552229,0.008135373
54927,390,82,79,19,12,3,0.21025641,0.202564103,0.048717949,0.030769231,0.007692308
54928,302,28,33,9,3,0,0.092715232,0.109271523,0.029801325,0.009933775,0
54929,6075,779,843,170,8,21,0.128230453,0.138765432,0.027983539,0.001316872,0.00345679
54930,1130,85,102,29,10,4,0.075221239,0.090265487,0.025663717,0.008849558,0.003539823
54931,209,36,4,10,0,0,0.172248804,0.019138756,0.04784689,0,0
54932,947,131,140,60,4,4,0.138331573,0.147835269,0.063357973,0.004223865,0.004223865
54933,204,8,20,2,2,0,0.039215686,0.098039216,0.009803922,0.009803922,0
54934,276,9,9,0,0,0,0.032608696,0.032608696,0,0,0
54935,28366,2962,5091,1478,306,159,0.104420785,0.179475428,0.052104632,0.010787563,0.005605302
54937,13570,1593,2177,826,142,119,0.117391304,0.160427413,0.060869565,0.010464259,0.008769344
54940,3052,407,491,139,26,22,0.133355177,0.160878113,0.045543906,0.008519004,0.007208388
54941,1886,197,425,139,52,16,0.104453871,0.225344645,0.073700954,0.02757158,0.008483563
54942,6151,913,1855,302,117,82,0.148431149,0.301576979,0.049097708,0.019021297,0.013331166
54943,1468,110,132,26,7,0,0.07493188,0.089918256,0.017711172,0.004768392,0
54944,6031,1004,1130,311,41,42,0.166473222,0.187365279,0.051566904,0.006798209,0.006964019
54945,2620,240,391,156,37,11,0.091603053,0.149236641,0.059541985,0.014122137,0.004198473
54946,102,0,23,4,0,0,0,0.225490196,0.039215686,0,0
54947,1978,292,276,129,17,9,0.147623862,0.139534884,0.065217391,0.00859454,0.004550051
54948,161,17,6,0,2,0,0.105590062,0.037267081,0,0.01242236,0
54949,2375,259,219,54,0,3,0.109052632,0.092210526,0.022736842,0,0.001263158
54950,2080,173,160,28,4,0,0.083173077,0.076923077,0.013461538,0.001923077,0
54952,17846,1817,2823,876,197,74,0.101815533,0.158186709,0.04908663,0.011038888,0.004146587
54956,29735,3346,6929,2095,607,284,0.112527325,0.233025055,0.070455692,0.020413654,0.009551034
54960,2088,129,185,97,6,9,0.061781609,0.088601533,0.046455939,0.002873563,0.004310345
54961,9409,1102,1369,311,48,37,0.117121905,0.14549899,0.033053459,0.005101499,0.003932405
54962,857,52,55,23,4,0,0.060676779,0.064177363,0.026837806,0.004667445,0
54963,4580,534,781,204,64,46,0.116593886,0.170524017,0.044541485,0.013973799,0.010043668
54964,704,112,96,43,7,3,0.159090909,0.136363636,0.061079545,0.009943182,0.004261364
54965,1087,125,106,29,3,3,0.1149954,0.097516099,0.026678933,0.00275989,0.00275989
54966,1403,114,117,27,3,2,0.081254455,0.08339273,0.019244476,0.002138275,0.001425517
54967,271,16,22,13,4,0,0.05904059,0.081180812,0.04797048,0.014760148,0
54968,2045,214,246,60,33,5,0.104645477,0.120293399,0.029339853,0.016136919,0.002444988
54970,3076,170,222,98,5,4,0.05526658,0.072171651,0.031859558,0.001625488,0.00130039
54971,7629,687,1165,536,91,162,0.090051121,0.152706777,0.070258225,0.011928169,0.021234762
54974,949,131,144,62,5,0,0.138040042,0.151738672,0.065331928,0.005268704,0
54977,1054,123,128,59,6,4,0.116698292,0.121442125,0.05597723,0.0056926,0.003795066
54979,1046,81,155,44,13,0,0.077437859,0.148183556,0.04206501,0.012428298,0
54980,105,3,4,11,0,0,0.028571429,0.038095238,0.104761905,0,0
54981,11384,1276,1784,628,153,31,0.11208714,0.156711174,0.055165144,0.013439916,0.00272312
54982,5057,429,515,276,53,20,0.084832905,0.101839035,0.054577813,0.010480522,0.003954914
54983,3168,382,361,108,21,2,0.120580808,0.11395202,0.034090909,0.006628788,0.000631313
54984,2517,194,278,152,19,25,0.077075884,0.110448947,0.060389352,0.007548669,0.009932459
54985,356,0,9,1,0,0,0,0.025280899,0.002808989,0,0
54986,3615,358,622,267,25,4,0.099031812,0.172060858,0.073858921,0.006915629,0.001106501
61072,8146,836,1545,636,80,71,0.102627056,0.189663639,0.078075129,0.009820771,0.008715934
61080,6654,653,821,316,99,43,0.098136459,0.12338443,0.047490231,0.014878269,0.006462278
